session_id,user_id,entry_page,exit_page,session_duration,device,session_date
SES-0001,user_697,카테고리,완료,398,mobile,2025-07-16
SES-0002,user_564,검색,완료,209,tablet,2025-09-15
SES-0003,user_274,상품상세,결제,291,mobile,2025-08-18
SES-0004,user_249,검색,결제,112,mobile,2025-09-27
SES-0005,user_392,카테고리,완료,262,desktop,2025-08-08
SES-0006,user_679,홈,결제,423,desktop,2025-07-01
SES-0007,user_463,카테고리,검색,167,desktop,2025-08-18
SES-0008,user_982,상품상세,장바구니,439,tablet,2025-09-16
SES-0009,user_442,상품상세,홈,481,tablet,2025-09-04
SES-0010,user_368,상품상세,장바구니,288,tablet,2025-08-18
SES-0011,user_189,카테고리,완료,135,mobile,2025-08-27
SES-0012,user_157,홈,검색,19,desktop,2025-09-13
SES-0013,user_741,검색,홈,556,desktop,2025-07-04
SES-0014,user_532,카테고리,결제,19,tablet,2025-07-11
SES-0015,user_403,카테고리,홈,316,mobile,2025-08-24
SES-0016,user_728,카테고리,검색,274,tablet,2025-08-22
SES-0017,user_448,카테고리,홈,274,mobile,2025-08-04
SES-0018,user_191,상품상세,결제,149,tablet,2025-07-05
SES-0019,user_999,상품상세,결제,69,desktop,2025-07-01
SES-0020,user_425,카테고리,결제,463,mobile,2025-08-28
SES-0021,user_450,카테고리,완료,71,tablet,2025-08-05
SES-0022,user_519,홈,장바구니,310,mobile,2025-08-05
SES-0023,user_481,검색,홈,140,mobile,2025-08-11
SES-0024,user_871,카테고리,검색,44,desktop,2025-09-14
SES-0025,user_556,카테고리,완료,301,mobile,2025-08-06
SES-0026,user_805,상품상세,결제,216,tablet,2025-08-06
SES-0027,user_873,검색,결제,504,desktop,2025-08-10
SES-0028,user_676,상품상세,홈,558,tablet,2025-09-12
SES-0029,user_180,카테고리,결제,444,tablet,2025-08-15
SES-0030,user_109,카테고리,결제,485,mobile,2025-07-09
SES-0031,user_727,홈,결제,544,tablet,2025-07-27
SES-0032,user_168,홈,검색,11,mobile,2025-08-27
SES-0033,user_379,카테고리,결제,407,tablet,2025-09-08
SES-0034,user_121,상품상세,장바구니,260,tablet,2025-08-05
SES-0035,user_557,검색,검색,235,tablet,2025-07-31
SES-0036,user_878,검색,홈,509,mobile,2025-08-11
SES-0037,user_319,상품상세,홈,473,mobile,2025-09-19
SES-0038,user_368,홈,홈,498,desktop,2025-09-11
SES-0039,user_939,상품상세,결제,98,mobile,2025-07-19
SES-0040,user_113,카테고리,결제,82,desktop,2025-07-03
SES-0041,user_286,검색,검색,556,tablet,2025-07-09
SES-0042,user_570,카테고리,장바구니,164,desktop,2025-09-09
SES-0043,user_619,검색,장바구니,24,desktop,2025-08-26
SES-0044,user_847,홈,홈,253,tablet,2025-07-12
SES-0045,user_808,카테고리,홈,241,tablet,2025-07-24
SES-0046,user_679,검색,완료,89,desktop,2025-07-27
SES-0047,user_159,홈,홈,598,tablet,2025-07-21
SES-0048,user_308,검색,홈,82,tablet,2025-09-05
SES-0049,user_665,카테고리,결제,15,mobile,2025-07-29
SES-0050,user_529,상품상세,결제,590,mobile,2025-08-13
SES-0051,user_887,카테고리,장바구니,502,mobile,2025-08-31
SES-0052,user_389,상품상세,장바구니,57,mobile,2025-09-22
SES-0053,user_764,검색,장바구니,119,desktop,2025-07-09
SES-0054,user_396,카테고리,검색,73,mobile,2025-07-30
SES-0055,user_746,카테고리,완료,488,desktop,2025-08-22
SES-0056,user_517,검색,홈,541,desktop,2025-08-15
SES-0057,user_729,상품상세,결제,139,desktop,2025-09-16
SES-0058,user_123,검색,완료,478,mobile,2025-08-07
SES-0059,user_298,상품상세,장바구니,599,mobile,2025-07-21
SES-0060,user_697,카테고리,홈,528,desktop,2025-07-03
SES-0061,user_303,홈,검색,37,tablet,2025-09-10
SES-0062,user_368,검색,홈,432,desktop,2025-09-19
SES-0063,user_993,카테고리,장바구니,232,mobile,2025-08-07
SES-0064,user_279,홈,장바구니,239,tablet,2025-09-13
SES-0065,user_622,홈,완료,279,tablet,2025-07-06
SES-0066,user_681,카테고리,완료,263,mobile,2025-08-18
SES-0067,user_476,상품상세,완료,45,desktop,2025-09-17
SES-0068,user_543,검색,결제,14,tablet,2025-07-13
SES-0069,user_267,카테고리,홈,542,tablet,2025-07-16
SES-0070,user_301,카테고리,완료,559,desktop,2025-07-02
SES-0071,user_403,홈,홈,82,tablet,2025-07-05
SES-0072,user_947,카테고리,결제,522,mobile,2025-07-26
SES-0073,user_221,카테고리,장바구니,528,mobile,2025-07-13
SES-0074,user_412,카테고리,결제,311,desktop,2025-08-22
SES-0075,user_463,카테고리,완료,320,desktop,2025-09-14
SES-0076,user_710,홈,검색,509,mobile,2025-07-30
SES-0077,user_808,홈,완료,32,tablet,2025-09-18
SES-0078,user_331,상품상세,홈,15,tablet,2025-08-26
SES-0079,user_726,카테고리,장바구니,291,mobile,2025-08-01
SES-0080,user_456,카테고리,결제,519,desktop,2025-07-18
SES-0081,user_524,검색,결제,367,tablet,2025-07-09
SES-0082,user_685,홈,검색,430,desktop,2025-08-28
SES-0083,user_956,검색,완료,207,desktop,2025-09-23
SES-0084,user_168,검색,장바구니,228,desktop,2025-07-13
SES-0085,user_794,홈,완료,502,tablet,2025-09-22
SES-0086,user_390,카테고리,결제,288,mobile,2025-07-25
SES-0087,user_172,카테고리,홈,57,tablet,2025-08-20
SES-0088,user_696,상품상세,완료,77,tablet,2025-07-14
SES-0089,user_823,홈,홈,46,tablet,2025-08-17
SES-0090,user_552,홈,홈,38,mobile,2025-07-11
SES-0091,user_959,검색,완료,71,desktop,2025-07-11
SES-0092,user_838,카테고리,장바구니,13,tablet,2025-07-23
SES-0093,user_784,검색,홈,579,mobile,2025-09-04
SES-0094,user_196,상품상세,완료,435,tablet,2025-07-27
SES-0095,user_166,홈,검색,18,tablet,2025-07-13
SES-0096,user_640,홈,결제,38,tablet,2025-09-03
SES-0097,user_251,상품상세,검색,356,desktop,2025-07-06
SES-0098,user_629,상품상세,홈,424,desktop,2025-08-18
SES-0099,user_577,상품상세,장바구니,571,tablet,2025-08-19
SES-0100,user_279,상품상세,홈,218,tablet,2025-08-14
SES-0101,user_685,상품상세,홈,403,desktop,2025-07-22
SES-0102,user_890,카테고리,결제,496,mobile,2025-09-25
SES-0103,user_999,상품상세,완료,106,tablet,2025-08-30
SES-0104,user_877,검색,결제,66,mobile,2025-08-28
SES-0105,user_613,검색,검색,49,desktop,2025-09-22
SES-0106,user_240,홈,검색,408,mobile,2025-07-16
SES-0107,user_378,홈,완료,579,tablet,2025-08-13
SES-0108,user_974,카테고리,홈,211,tablet,2025-07-14
SES-0109,user_459,카테고리,검색,217,tablet,2025-09-09
SES-0110,user_200,검색,결제,265,mobile,2025-07-01
SES-0111,user_309,상품상세,완료,585,tablet,2025-07-07
SES-0112,user_198,카테고리,검색,257,tablet,2025-09-02
SES-0113,user_642,검색,완료,343,tablet,2025-07-06
SES-0114,user_745,검색,완료,88,mobile,2025-08-02
SES-0115,user_271,상품상세,장바구니,244,tablet,2025-07-08
SES-0116,user_696,검색,완료,564,tablet,2025-09-14
SES-0117,user_523,홈,완료,34,mobile,2025-09-24
SES-0118,user_916,카테고리,결제,108,desktop,2025-08-14
SES-0119,user_363,카테고리,완료,408,mobile,2025-08-31
SES-0120,user_715,카테고리,검색,467,mobile,2025-07-01
SES-0121,user_721,검색,홈,534,desktop,2025-08-30
SES-0122,user_479,카테고리,홈,81,mobile,2025-09-01
SES-0123,user_464,상품상세,결제,134,tablet,2025-08-23
SES-0124,user_656,검색,완료,89,desktop,2025-07-13
SES-0125,user_414,카테고리,완료,300,mobile,2025-09-12
SES-0126,user_487,홈,완료,365,desktop,2025-09-18
SES-0127,user_290,카테고리,홈,245,tablet,2025-08-14
SES-0128,user_767,검색,검색,486,desktop,2025-08-16
SES-0129,user_814,상품상세,검색,352,desktop,2025-08-24
SES-0130,user_901,검색,검색,567,mobile,2025-09-25
SES-0131,user_385,카테고리,완료,250,tablet,2025-08-02
SES-0132,user_629,홈,검색,332,mobile,2025-07-21
SES-0133,user_683,검색,홈,470,desktop,2025-09-29
SES-0134,user_942,카테고리,장바구니,374,mobile,2025-07-05
SES-0135,user_480,홈,장바구니,18,desktop,2025-09-23
SES-0136,user_435,검색,검색,491,desktop,2025-07-17
SES-0137,user_136,카테고리,홈,100,mobile,2025-08-02
SES-0138,user_250,검색,검색,370,mobile,2025-08-07
SES-0139,user_118,검색,검색,542,mobile,2025-09-05
SES-0140,user_811,카테고리,완료,132,tablet,2025-07-14
SES-0141,user_157,홈,홈,487,desktop,2025-07-17
SES-0142,user_588,카테고리,완료,574,mobile,2025-07-06
SES-0143,user_625,상품상세,결제,586,tablet,2025-09-28
SES-0144,user_971,상품상세,장바구니,580,mobile,2025-08-30
SES-0145,user_699,카테고리,홈,113,desktop,2025-07-17
SES-0146,user_507,카테고리,완료,552,mobile,2025-07-04
SES-0147,user_473,상품상세,홈,359,desktop,2025-09-01
SES-0148,user_361,카테고리,검색,156,tablet,2025-09-06
SES-0149,user_901,상품상세,장바구니,244,tablet,2025-07-30
SES-0150,user_758,상품상세,완료,406,desktop,2025-07-30
SES-0151,user_586,검색,결제,114,desktop,2025-08-12
SES-0152,user_515,검색,홈,122,mobile,2025-08-02
SES-0153,user_396,카테고리,결제,93,tablet,2025-07-13
SES-0154,user_715,카테고리,장바구니,392,tablet,2025-09-28
SES-0155,user_638,검색,홈,293,tablet,2025-08-15
SES-0156,user_228,카테고리,홈,165,mobile,2025-08-21
SES-0157,user_764,카테고리,홈,354,desktop,2025-09-29
SES-0158,user_787,홈,홈,104,tablet,2025-09-19
SES-0159,user_617,검색,완료,438,tablet,2025-08-15
SES-0160,user_466,카테고리,완료,12,tablet,2025-07-06
SES-0161,user_691,검색,장바구니,122,desktop,2025-08-08
SES-0162,user_643,카테고리,완료,233,mobile,2025-07-21
SES-0163,user_323,홈,완료,215,desktop,2025-09-19
SES-0164,user_133,홈,검색,186,desktop,2025-07-16
SES-0165,user_282,홈,결제,477,desktop,2025-08-23
SES-0166,user_112,상품상세,완료,206,tablet,2025-07-15
SES-0167,user_588,검색,홈,223,desktop,2025-08-11
SES-0168,user_538,홈,결제,313,tablet,2025-08-10
SES-0169,user_922,홈,장바구니,44,mobile,2025-07-14
SES-0170,user_994,홈,홈,191,desktop,2025-07-09
SES-0171,user_633,상품상세,장바구니,100,desktop,2025-08-05
SES-0172,user_955,카테고리,검색,524,mobile,2025-08-29
SES-0173,user_963,홈,장바구니,444,mobile,2025-08-27
SES-0174,user_310,홈,홈,592,mobile,2025-08-14
SES-0175,user_254,홈,홈,585,mobile,2025-08-26
SES-0176,user_172,검색,완료,363,tablet,2025-07-09
SES-0177,user_934,카테고리,완료,278,desktop,2025-09-02
SES-0178,user_403,홈,홈,439,tablet,2025-09-30
SES-0179,user_776,카테고리,완료,189,mobile,2025-07-22
SES-0180,user_923,홈,장바구니,282,desktop,2025-08-05
SES-0181,user_525,상품상세,홈,584,desktop,2025-08-17
SES-0182,user_677,상품상세,완료,252,tablet,2025-07-25
SES-0183,user_482,카테고리,홈,374,tablet,2025-08-05
SES-0184,user_614,카테고리,검색,474,desktop,2025-07-20
SES-0185,user_861,검색,완료,307,desktop,2025-09-18
SES-0186,user_422,검색,완료,157,mobile,2025-09-18
SES-0187,user_710,상품상세,결제,406,desktop,2025-07-24
SES-0188,user_365,상품상세,완료,182,tablet,2025-09-09
SES-0189,user_207,카테고리,장바구니,568,mobile,2025-08-28
SES-0190,user_217,홈,검색,253,mobile,2025-08-25
SES-0191,user_298,카테고리,완료,401,tablet,2025-07-28
SES-0192,user_706,카테고리,검색,329,desktop,2025-09-06
SES-0193,user_241,검색,검색,281,desktop,2025-08-08
SES-0194,user_336,검색,결제,100,tablet,2025-07-12
SES-0195,user_275,상품상세,완료,124,tablet,2025-07-21
SES-0196,user_425,홈,결제,459,tablet,2025-08-14
SES-0197,user_599,홈,홈,99,mobile,2025-09-14
SES-0198,user_947,상품상세,검색,496,mobile,2025-07-24
SES-0199,user_651,검색,홈,211,desktop,2025-08-27
SES-0200,user_484,카테고리,결제,378,tablet,2025-07-05
SES-0201,user_178,홈,장바구니,337,tablet,2025-08-09
SES-0202,user_710,검색,결제,413,desktop,2025-09-30
SES-0203,user_908,검색,장바구니,392,tablet,2025-08-02
SES-0204,user_735,검색,완료,574,mobile,2025-08-08
SES-0205,user_294,홈,장바구니,459,mobile,2025-09-23
SES-0206,user_506,홈,검색,446,mobile,2025-09-04
SES-0207,user_496,홈,홈,165,mobile,2025-09-12
SES-0208,user_890,검색,결제,417,desktop,2025-08-18
SES-0209,user_374,검색,검색,16,desktop,2025-08-26
SES-0210,user_386,상품상세,검색,496,tablet,2025-09-25
SES-0211,user_646,검색,장바구니,468,mobile,2025-07-30
SES-0212,user_980,검색,완료,592,mobile,2025-07-03
SES-0213,user_530,카테고리,완료,439,tablet,2025-07-12
SES-0214,user_857,상품상세,검색,138,tablet,2025-09-22
SES-0215,user_651,상품상세,홈,515,desktop,2025-07-07
SES-0216,user_944,홈,장바구니,53,mobile,2025-09-27
SES-0217,user_400,상품상세,완료,159,mobile,2025-07-29
SES-0218,user_778,카테고리,홈,44,mobile,2025-09-14
SES-0219,user_860,카테고리,홈,526,desktop,2025-08-29
SES-0220,user_901,홈,장바구니,164,mobile,2025-09-22
SES-0221,user_569,카테고리,검색,540,desktop,2025-09-01
SES-0222,user_633,상품상세,장바구니,439,desktop,2025-09-27
SES-0223,user_367,검색,결제,560,mobile,2025-09-01
SES-0224,user_481,카테고리,완료,218,tablet,2025-09-03
SES-0225,user_339,상품상세,완료,297,tablet,2025-07-19
SES-0226,user_627,상품상세,완료,500,tablet,2025-07-17
SES-0227,user_469,홈,결제,317,mobile,2025-07-20
SES-0228,user_986,검색,결제,483,mobile,2025-09-05
SES-0229,user_908,상품상세,완료,64,mobile,2025-08-23
SES-0230,user_610,검색,검색,291,tablet,2025-07-20
SES-0231,user_787,홈,장바구니,438,mobile,2025-08-22
SES-0232,user_983,홈,홈,326,mobile,2025-09-08
SES-0233,user_539,카테고리,검색,528,tablet,2025-08-28
SES-0234,user_526,카테고리,결제,112,tablet,2025-07-28
SES-0235,user_847,카테고리,장바구니,562,mobile,2025-07-08
SES-0236,user_852,홈,장바구니,180,desktop,2025-09-10
SES-0237,user_602,홈,홈,428,desktop,2025-09-06
SES-0238,user_527,홈,장바구니,474,tablet,2025-09-08
SES-0239,user_881,상품상세,장바구니,174,desktop,2025-08-10
SES-0240,user_782,홈,완료,600,mobile,2025-08-01
SES-0241,user_643,홈,결제,322,tablet,2025-08-15
SES-0242,user_942,검색,완료,63,tablet,2025-09-09
SES-0243,user_933,카테고리,장바구니,388,mobile,2025-07-05
SES-0244,user_210,카테고리,홈,562,desktop,2025-09-02
SES-0245,user_594,카테고리,검색,493,desktop,2025-08-08
SES-0246,user_633,상품상세,검색,84,tablet,2025-09-09
SES-0247,user_379,검색,장바구니,514,desktop,2025-07-22
SES-0248,user_210,검색,완료,548,mobile,2025-08-15
SES-0249,user_149,검색,홈,241,tablet,2025-07-04
SES-0250,user_210,홈,검색,381,tablet,2025-08-29
SES-0251,user_761,홈,홈,273,tablet,2025-09-04
SES-0252,user_105,홈,검색,164,mobile,2025-07-08
SES-0253,user_189,상품상세,검색,93,tablet,2025-09-17
SES-0254,user_985,검색,장바구니,285,tablet,2025-07-04
SES-0255,user_728,상품상세,완료,228,mobile,2025-09-12
SES-0256,user_634,검색,장바구니,317,mobile,2025-07-29
SES-0257,user_539,홈,장바구니,464,mobile,2025-09-07
SES-0258,user_502,검색,완료,406,mobile,2025-07-20
SES-0259,user_693,홈,홈,359,tablet,2025-09-28
SES-0260,user_339,검색,검색,520,desktop,2025-08-23
SES-0261,user_521,상품상세,검색,531,desktop,2025-08-04
SES-0262,user_344,상품상세,장바구니,357,desktop,2025-07-06
SES-0263,user_414,홈,홈,443,mobile,2025-08-02
SES-0264,user_142,카테고리,결제,425,tablet,2025-08-02
SES-0265,user_331,홈,장바구니,396,mobile,2025-07-15
SES-0266,user_692,카테고리,결제,123,desktop,2025-08-13
SES-0267,user_353,홈,홈,191,tablet,2025-08-05
SES-0268,user_328,검색,홈,273,tablet,2025-07-20
SES-0269,user_200,검색,홈,323,desktop,2025-07-21
SES-0270,user_365,카테고리,검색,131,desktop,2025-09-12
SES-0271,user_777,검색,장바구니,510,tablet,2025-08-28
SES-0272,user_602,카테고리,홈,374,tablet,2025-09-14
SES-0273,user_540,홈,결제,109,tablet,2025-07-07
SES-0274,user_293,카테고리,완료,320,mobile,2025-08-18
SES-0275,user_660,상품상세,완료,35,mobile,2025-09-29
SES-0276,user_240,검색,검색,385,desktop,2025-09-02
SES-0277,user_890,상품상세,검색,52,tablet,2025-07-07
SES-0278,user_861,검색,완료,37,tablet,2025-09-14
SES-0279,user_929,카테고리,검색,420,tablet,2025-07-03
SES-0280,user_479,홈,검색,456,mobile,2025-09-05
SES-0281,user_540,검색,검색,517,mobile,2025-09-13
SES-0282,user_820,카테고리,결제,272,mobile,2025-09-18
SES-0283,user_103,카테고리,장바구니,86,mobile,2025-07-01
SES-0284,user_159,상품상세,완료,461,mobile,2025-09-09
SES-0285,user_240,홈,홈,483,mobile,2025-07-02
SES-0286,user_190,홈,결제,170,desktop,2025-07-11
SES-0287,user_307,상품상세,결제,272,tablet,2025-07-04
SES-0288,user_372,카테고리,검색,249,mobile,2025-08-03
SES-0289,user_687,카테고리,완료,243,mobile,2025-08-09
SES-0290,user_554,카테고리,결제,331,tablet,2025-08-24
SES-0291,user_609,검색,결제,268,desktop,2025-09-20
SES-0292,user_485,검색,홈,332,desktop,2025-09-08
SES-0293,user_151,카테고리,장바구니,462,desktop,2025-08-06
SES-0294,user_124,카테고리,검색,594,tablet,2025-07-30
SES-0295,user_279,카테고리,장바구니,39,desktop,2025-09-12
SES-0296,user_727,홈,완료,440,mobile,2025-09-20
SES-0297,user_590,카테고리,검색,429,desktop,2025-09-22
SES-0298,user_257,홈,완료,582,tablet,2025-08-08
SES-0299,user_602,홈,홈,173,tablet,2025-09-16
SES-0300,user_462,상품상세,완료,512,mobile,2025-07-15
SES-0301,user_995,상품상세,검색,45,mobile,2025-08-05
SES-0302,user_842,홈,결제,126,mobile,2025-08-11
SES-0303,user_327,상품상세,검색,435,mobile,2025-09-27
SES-0304,user_493,검색,홈,194,desktop,2025-07-26
SES-0305,user_207,홈,장바구니,69,mobile,2025-09-16
SES-0306,user_203,홈,장바구니,462,mobile,2025-08-13
SES-0307,user_641,상품상세,장바구니,20,desktop,2025-09-18
SES-0308,user_981,홈,홈,482,mobile,2025-09-12
SES-0309,user_947,상품상세,장바구니,56,tablet,2025-09-22
SES-0310,user_966,카테고리,결제,500,desktop,2025-08-25
SES-0311,user_654,상품상세,홈,22,tablet,2025-08-29
SES-0312,user_500,상품상세,완료,66,desktop,2025-08-18
SES-0313,user_879,상품상세,검색,530,desktop,2025-08-21
SES-0314,user_477,검색,홈,180,desktop,2025-07-22
SES-0315,user_236,검색,장바구니,138,tablet,2025-08-20
SES-0316,user_425,홈,홈,501,mobile,2025-09-15
SES-0317,user_852,홈,장바구니,223,desktop,2025-08-02
SES-0318,user_790,상품상세,검색,377,desktop,2025-07-08
SES-0319,user_496,홈,결제,47,desktop,2025-07-04
SES-0320,user_971,홈,완료,421,desktop,2025-09-16
SES-0321,user_487,홈,홈,177,tablet,2025-08-14
SES-0322,user_887,카테고리,결제,441,mobile,2025-07-08
SES-0323,user_441,홈,결제,101,tablet,2025-07-07
SES-0324,user_888,검색,홈,196,mobile,2025-08-03
SES-0325,user_167,상품상세,검색,95,desktop,2025-08-23
SES-0326,user_233,상품상세,검색,90,desktop,2025-07-07
SES-0327,user_850,검색,검색,417,mobile,2025-09-20
SES-0328,user_771,상품상세,완료,224,tablet,2025-07-19
SES-0329,user_713,상품상세,홈,527,tablet,2025-08-12
SES-0330,user_302,카테고리,장바구니,266,mobile,2025-08-10
SES-0331,user_414,상품상세,홈,582,tablet,2025-09-17
SES-0332,user_104,검색,장바구니,110,mobile,2025-08-31
SES-0333,user_230,홈,완료,53,mobile,2025-08-05
SES-0334,user_319,검색,결제,388,tablet,2025-09-06
SES-0335,user_838,검색,완료,468,tablet,2025-08-29
SES-0336,user_735,상품상세,장바구니,458,tablet,2025-07-05
SES-0337,user_603,상품상세,장바구니,11,desktop,2025-08-11
SES-0338,user_271,홈,결제,248,desktop,2025-09-29
SES-0339,user_920,상품상세,결제,132,tablet,2025-08-08
SES-0340,user_702,검색,결제,385,mobile,2025-08-06
SES-0341,user_671,카테고리,장바구니,284,tablet,2025-08-26
SES-0342,user_971,홈,완료,26,mobile,2025-08-31
SES-0343,user_813,홈,결제,560,mobile,2025-08-27
SES-0344,user_746,홈,결제,516,tablet,2025-09-29
SES-0345,user_897,상품상세,완료,561,tablet,2025-07-07
SES-0346,user_472,상품상세,장바구니,437,tablet,2025-08-30
SES-0347,user_567,검색,홈,362,tablet,2025-08-29
SES-0348,user_724,카테고리,검색,446,desktop,2025-09-24
SES-0349,user_824,검색,완료,475,mobile,2025-09-13
SES-0350,user_569,검색,검색,497,desktop,2025-09-17
SES-0351,user_987,검색,홈,95,desktop,2025-07-26
SES-0352,user_825,검색,검색,325,desktop,2025-09-17
SES-0353,user_551,검색,장바구니,246,tablet,2025-07-26
SES-0354,user_958,카테고리,홈,409,tablet,2025-07-11
SES-0355,user_902,카테고리,홈,107,desktop,2025-08-13
SES-0356,user_149,홈,홈,520,tablet,2025-07-18
SES-0357,user_988,상품상세,홈,96,mobile,2025-08-05
SES-0358,user_479,홈,장바구니,400,desktop,2025-09-28
SES-0359,user_104,홈,홈,387,tablet,2025-08-21
SES-0360,user_429,홈,장바구니,529,tablet,2025-08-22
SES-0361,user_112,검색,완료,368,mobile,2025-09-09
SES-0362,user_785,검색,결제,182,mobile,2025-08-22
SES-0363,user_261,카테고리,완료,99,mobile,2025-07-10
SES-0364,user_859,상품상세,결제,66,mobile,2025-09-03
SES-0365,user_691,상품상세,완료,130,tablet,2025-07-22
SES-0366,user_653,카테고리,장바구니,272,tablet,2025-09-05
SES-0367,user_136,홈,결제,282,tablet,2025-08-09
SES-0368,user_403,홈,완료,532,tablet,2025-07-11
SES-0369,user_972,카테고리,홈,104,mobile,2025-08-28
SES-0370,user_886,검색,결제,512,tablet,2025-07-08
SES-0371,user_405,검색,결제,95,mobile,2025-08-22
SES-0372,user_731,홈,결제,298,mobile,2025-08-16
SES-0373,user_437,검색,완료,401,mobile,2025-08-20
SES-0374,user_211,상품상세,홈,240,mobile,2025-09-12
SES-0375,user_361,검색,검색,489,tablet,2025-08-22
SES-0376,user_244,상품상세,결제,288,mobile,2025-08-09
SES-0377,user_263,상품상세,홈,437,tablet,2025-09-04
SES-0378,user_797,검색,장바구니,47,tablet,2025-07-15
SES-0379,user_945,홈,검색,63,desktop,2025-07-23
SES-0380,user_140,검색,홈,454,tablet,2025-07-09
SES-0381,user_539,홈,홈,441,mobile,2025-07-05
SES-0382,user_248,검색,홈,57,tablet,2025-07-26
SES-0383,user_404,홈,검색,596,desktop,2025-09-04
SES-0384,user_225,홈,완료,396,desktop,2025-08-15
SES-0385,user_369,검색,완료,240,mobile,2025-07-31
SES-0386,user_679,상품상세,결제,549,mobile,2025-09-05
SES-0387,user_141,상품상세,홈,299,mobile,2025-08-31
SES-0388,user_938,검색,검색,199,mobile,2025-08-18
SES-0389,user_561,홈,홈,313,desktop,2025-09-26
SES-0390,user_864,카테고리,완료,558,desktop,2025-07-16
SES-0391,user_645,상품상세,장바구니,380,tablet,2025-07-11
SES-0392,user_621,검색,검색,381,mobile,2025-07-10
SES-0393,user_684,상품상세,홈,544,desktop,2025-08-31
SES-0394,user_813,홈,장바구니,441,desktop,2025-07-04
SES-0395,user_941,검색,검색,515,mobile,2025-09-09
SES-0396,user_140,상품상세,홈,99,desktop,2025-09-05
SES-0397,user_527,홈,결제,581,tablet,2025-07-10
SES-0398,user_251,상품상세,완료,569,tablet,2025-08-12
SES-0399,user_488,카테고리,장바구니,383,tablet,2025-08-01
SES-0400,user_922,카테고리,완료,562,desktop,2025-08-25
SES-0401,user_345,검색,홈,518,tablet,2025-09-03
SES-0402,user_142,상품상세,장바구니,227,tablet,2025-07-28
SES-0403,user_350,검색,완료,38,mobile,2025-07-28
SES-0404,user_694,상품상세,검색,249,mobile,2025-07-08
SES-0405,user_968,상품상세,검색,262,mobile,2025-08-11
SES-0406,user_624,카테고리,완료,480,tablet,2025-09-16
SES-0407,user_722,홈,검색,334,mobile,2025-08-31
SES-0408,user_657,검색,완료,572,desktop,2025-08-09
SES-0409,user_819,검색,결제,234,tablet,2025-09-24
SES-0410,user_719,상품상세,완료,116,desktop,2025-07-24
SES-0411,user_141,상품상세,홈,562,mobile,2025-07-15
SES-0412,user_932,홈,완료,429,desktop,2025-09-20
SES-0413,user_165,홈,검색,285,mobile,2025-07-08
SES-0414,user_350,검색,장바구니,129,tablet,2025-09-09
SES-0415,user_418,검색,결제,369,desktop,2025-09-15
SES-0416,user_113,홈,완료,130,desktop,2025-08-12
SES-0417,user_787,검색,결제,569,desktop,2025-08-20
SES-0418,user_995,홈,결제,410,tablet,2025-09-25
SES-0419,user_347,검색,결제,433,desktop,2025-09-09
SES-0420,user_825,홈,홈,49,mobile,2025-09-13
SES-0421,user_540,홈,결제,217,mobile,2025-08-03
SES-0422,user_394,홈,장바구니,110,desktop,2025-09-16
SES-0423,user_300,상품상세,홈,531,mobile,2025-09-05
SES-0424,user_449,홈,홈,88,mobile,2025-09-20
SES-0425,user_122,상품상세,홈,208,desktop,2025-07-17
SES-0426,user_846,카테고리,홈,394,tablet,2025-08-28
SES-0427,user_113,상품상세,결제,316,desktop,2025-09-12
SES-0428,user_266,검색,장바구니,269,tablet,2025-08-10
SES-0429,user_789,상품상세,검색,389,mobile,2025-09-08
SES-0430,user_746,검색,홈,359,mobile,2025-07-13
SES-0431,user_914,상품상세,장바구니,164,tablet,2025-07-21
SES-0432,user_651,상품상세,장바구니,470,tablet,2025-08-11
SES-0433,user_427,카테고리,완료,140,desktop,2025-07-07
SES-0434,user_411,상품상세,검색,362,desktop,2025-09-01
SES-0435,user_957,상품상세,검색,535,mobile,2025-08-21
SES-0436,user_198,검색,장바구니,13,mobile,2025-09-02
SES-0437,user_677,카테고리,검색,598,desktop,2025-09-01
SES-0438,user_434,카테고리,장바구니,426,tablet,2025-08-30
SES-0439,user_312,카테고리,장바구니,367,mobile,2025-07-15
SES-0440,user_874,카테고리,검색,312,desktop,2025-07-27
SES-0441,user_121,상품상세,검색,551,mobile,2025-08-18
SES-0442,user_654,카테고리,완료,58,tablet,2025-09-03
SES-0443,user_277,카테고리,장바구니,270,tablet,2025-08-18
SES-0444,user_142,상품상세,완료,219,mobile,2025-07-24
SES-0445,user_826,상품상세,장바구니,481,mobile,2025-08-11
SES-0446,user_233,검색,검색,540,mobile,2025-08-13
SES-0447,user_119,홈,결제,485,mobile,2025-07-06
SES-0448,user_313,상품상세,결제,246,tablet,2025-08-22
SES-0449,user_530,상품상세,검색,231,mobile,2025-08-18
SES-0450,user_805,상품상세,홈,116,mobile,2025-07-18
SES-0451,user_924,검색,검색,440,tablet,2025-08-04
SES-0452,user_879,상품상세,완료,476,tablet,2025-08-03
SES-0453,user_699,홈,홈,266,tablet,2025-07-19
SES-0454,user_374,검색,완료,265,mobile,2025-07-20
SES-0455,user_231,상품상세,결제,373,mobile,2025-09-04
SES-0456,user_775,카테고리,장바구니,484,mobile,2025-07-20
SES-0457,user_712,검색,완료,563,tablet,2025-07-01
SES-0458,user_448,검색,장바구니,212,tablet,2025-09-10
SES-0459,user_319,검색,검색,21,tablet,2025-07-06
SES-0460,user_233,검색,완료,268,mobile,2025-09-28
SES-0461,user_602,홈,장바구니,261,desktop,2025-07-11
SES-0462,user_225,홈,검색,149,tablet,2025-09-10
SES-0463,user_511,홈,결제,290,tablet,2025-07-09
SES-0464,user_177,상품상세,결제,70,mobile,2025-07-01
SES-0465,user_434,검색,장바구니,120,tablet,2025-08-04
SES-0466,user_757,홈,홈,489,mobile,2025-07-17
SES-0467,user_137,카테고리,결제,380,desktop,2025-07-15
SES-0468,user_891,검색,결제,362,desktop,2025-07-16
SES-0469,user_792,상품상세,결제,433,tablet,2025-09-15
SES-0470,user_727,홈,홈,472,desktop,2025-08-24
SES-0471,user_741,검색,완료,427,tablet,2025-08-15
SES-0472,user_869,검색,장바구니,64,mobile,2025-07-16
SES-0473,user_518,검색,검색,338,tablet,2025-09-20
SES-0474,user_612,홈,완료,481,tablet,2025-07-22
SES-0475,user_726,홈,결제,329,desktop,2025-09-07
SES-0476,user_585,홈,홈,482,mobile,2025-07-30
SES-0477,user_569,홈,결제,422,desktop,2025-08-18
SES-0478,user_142,카테고리,장바구니,579,desktop,2025-09-16
SES-0479,user_974,검색,검색,328,tablet,2025-07-16
SES-0480,user_104,상품상세,결제,91,desktop,2025-08-08
SES-0481,user_720,검색,결제,230,mobile,2025-09-11
SES-0482,user_258,상품상세,완료,422,mobile,2025-07-26
SES-0483,user_795,상품상세,장바구니,530,desktop,2025-09-02
SES-0484,user_825,상품상세,홈,536,mobile,2025-08-11
SES-0485,user_179,상품상세,장바구니,361,tablet,2025-09-13
SES-0486,user_325,카테고리,홈,327,mobile,2025-09-03
SES-0487,user_253,상품상세,장바구니,230,desktop,2025-08-16
SES-0488,user_367,검색,홈,16,desktop,2025-07-11
SES-0489,user_157,카테고리,결제,548,tablet,2025-07-20
SES-0490,user_495,상품상세,검색,596,mobile,2025-07-10
SES-0491,user_435,상품상세,검색,95,desktop,2025-08-31
SES-0492,user_736,홈,완료,30,desktop,2025-09-26
SES-0493,user_573,상품상세,결제,170,desktop,2025-08-05
SES-0494,user_180,검색,완료,325,tablet,2025-09-17
SES-0495,user_179,상품상세,검색,593,tablet,2025-08-23
SES-0496,user_741,카테고리,홈,283,desktop,2025-07-13
SES-0497,user_943,검색,장바구니,207,mobile,2025-09-24
SES-0498,user_190,상품상세,홈,88,tablet,2025-07-09
SES-0499,user_262,검색,결제,257,tablet,2025-08-08
SES-0500,user_362,홈,완료,467,mobile,2025-08-28
SES-0501,user_501,상품상세,장바구니,483,desktop,2025-08-16
SES-0502,user_635,상품상세,결제,301,mobile,2025-07-13
SES-0503,user_630,홈,홈,543,tablet,2025-07-15
SES-0504,user_454,카테고리,완료,391,mobile,2025-09-24
SES-0505,user_678,상품상세,완료,440,mobile,2025-09-22
SES-0506,user_802,카테고리,완료,585,tablet,2025-08-13
SES-0507,user_989,홈,결제,216,desktop,2025-09-20
SES-0508,user_897,상품상세,장바구니,524,desktop,2025-08-25
SES-0509,user_886,상품상세,결제,292,desktop,2025-07-09
SES-0510,user_525,검색,검색,569,desktop,2025-07-18
SES-0511,user_111,상품상세,완료,456,mobile,2025-07-19
SES-0512,user_953,상품상세,홈,465,desktop,2025-08-28
SES-0513,user_743,상품상세,완료,494,desktop,2025-07-23
SES-0514,user_602,검색,장바구니,451,desktop,2025-07-31
SES-0515,user_473,상품상세,홈,113,tablet,2025-09-07
SES-0516,user_591,상품상세,결제,254,desktop,2025-09-05
SES-0517,user_834,카테고리,완료,180,mobile,2025-09-27
SES-0518,user_193,검색,결제,487,mobile,2025-07-19
SES-0519,user_432,카테고리,검색,103,desktop,2025-08-04
SES-0520,user_762,상품상세,완료,482,tablet,2025-09-23
SES-0521,user_824,상품상세,완료,136,mobile,2025-09-02
SES-0522,user_653,카테고리,검색,479,mobile,2025-07-30
SES-0523,user_233,상품상세,결제,227,desktop,2025-07-18
SES-0524,user_424,검색,결제,586,tablet,2025-07-18
SES-0525,user_490,검색,홈,474,tablet,2025-08-13
SES-0526,user_649,검색,결제,226,tablet,2025-09-21
SES-0527,user_206,홈,장바구니,293,mobile,2025-09-20
SES-0528,user_570,카테고리,검색,406,desktop,2025-08-19
SES-0529,user_493,검색,장바구니,241,mobile,2025-07-17
SES-0530,user_185,상품상세,결제,428,tablet,2025-09-26
SES-0531,user_854,검색,완료,443,mobile,2025-09-03
SES-0532,user_164,상품상세,장바구니,430,desktop,2025-07-06
SES-0533,user_619,홈,결제,63,mobile,2025-08-27
SES-0534,user_158,카테고리,완료,24,desktop,2025-08-01
SES-0535,user_654,카테고리,검색,123,mobile,2025-07-11
SES-0536,user_948,카테고리,결제,465,desktop,2025-08-22
SES-0537,user_240,카테고리,완료,414,mobile,2025-09-24
SES-0538,user_936,카테고리,완료,143,desktop,2025-09-12
SES-0539,user_147,상품상세,결제,323,desktop,2025-09-29
SES-0540,user_856,상품상세,장바구니,497,tablet,2025-07-03
SES-0541,user_937,홈,검색,450,tablet,2025-09-27
SES-0542,user_358,검색,검색,316,mobile,2025-08-06
SES-0543,user_790,상품상세,검색,504,mobile,2025-09-14
SES-0544,user_169,카테고리,검색,283,mobile,2025-09-07
SES-0545,user_477,검색,결제,304,desktop,2025-08-08
SES-0546,user_741,홈,검색,342,desktop,2025-09-27
SES-0547,user_951,검색,홈,150,mobile,2025-09-28
SES-0548,user_825,카테고리,완료,233,mobile,2025-07-29
SES-0549,user_304,상품상세,홈,155,tablet,2025-08-09
SES-0550,user_420,상품상세,검색,587,tablet,2025-09-03
SES-0551,user_634,상품상세,완료,378,mobile,2025-08-23
SES-0552,user_259,홈,결제,93,mobile,2025-08-27
SES-0553,user_313,검색,완료,343,desktop,2025-07-11
SES-0554,user_118,상품상세,완료,451,mobile,2025-07-22
SES-0555,user_470,상품상세,검색,24,tablet,2025-09-10
SES-0556,user_859,상품상세,검색,72,mobile,2025-08-24
SES-0557,user_918,홈,결제,219,desktop,2025-09-06
SES-0558,user_701,검색,검색,528,desktop,2025-09-14
SES-0559,user_163,상품상세,완료,28,mobile,2025-09-29
SES-0560,user_325,카테고리,완료,105,mobile,2025-07-08
SES-0561,user_350,검색,결제,299,desktop,2025-09-18
SES-0562,user_575,카테고리,결제,433,tablet,2025-08-25
SES-0563,user_790,홈,홈,528,tablet,2025-09-12
SES-0564,user_602,홈,홈,140,tablet,2025-09-03
SES-0565,user_777,상품상세,홈,378,desktop,2025-09-16
SES-0566,user_584,검색,홈,300,desktop,2025-07-08
SES-0567,user_110,검색,완료,567,tablet,2025-09-23
SES-0568,user_985,홈,결제,210,mobile,2025-07-22
SES-0569,user_525,홈,장바구니,317,desktop,2025-08-31
SES-0570,user_267,상품상세,장바구니,287,tablet,2025-07-09
SES-0571,user_321,카테고리,결제,536,mobile,2025-08-30
SES-0572,user_941,검색,완료,499,mobile,2025-07-14
SES-0573,user_154,카테고리,완료,536,tablet,2025-07-30
SES-0574,user_500,검색,장바구니,214,desktop,2025-07-31
SES-0575,user_946,카테고리,완료,559,mobile,2025-07-31
SES-0576,user_164,상품상세,결제,30,desktop,2025-09-13
SES-0577,user_524,카테고리,검색,309,tablet,2025-09-17
SES-0578,user_790,검색,결제,428,tablet,2025-09-28
SES-0579,user_825,카테고리,검색,48,mobile,2025-08-02
SES-0580,user_449,상품상세,검색,194,desktop,2025-09-05
SES-0581,user_774,카테고리,결제,370,mobile,2025-08-17
SES-0582,user_130,홈,결제,65,desktop,2025-07-05
SES-0583,user_310,상품상세,결제,509,mobile,2025-07-27
SES-0584,user_431,검색,홈,367,mobile,2025-09-18
SES-0585,user_604,홈,결제,167,mobile,2025-08-17
SES-0586,user_496,카테고리,검색,243,mobile,2025-08-20
SES-0587,user_748,카테고리,홈,410,tablet,2025-08-29
SES-0588,user_679,홈,검색,91,desktop,2025-09-19
SES-0589,user_559,상품상세,결제,151,mobile,2025-09-15
SES-0590,user_772,카테고리,검색,448,desktop,2025-08-30
SES-0591,user_292,홈,결제,11,desktop,2025-09-19
SES-0592,user_119,검색,완료,132,tablet,2025-07-23
SES-0593,user_486,카테고리,홈,232,desktop,2025-09-04
SES-0594,user_315,검색,결제,482,desktop,2025-07-30
SES-0595,user_829,카테고리,결제,185,desktop,2025-08-24
SES-0596,user_728,검색,홈,56,tablet,2025-07-25
SES-0597,user_473,검색,장바구니,297,desktop,2025-08-01
SES-0598,user_614,카테고리,검색,336,desktop,2025-08-05
SES-0599,user_675,카테고리,검색,275,tablet,2025-09-22
SES-0600,user_983,상품상세,검색,563,tablet,2025-08-22
SES-0601,user_755,카테고리,결제,24,mobile,2025-08-11
SES-0602,user_688,상품상세,홈,308,desktop,2025-09-12
SES-0603,user_121,홈,결제,216,mobile,2025-09-10
SES-0604,user_705,검색,홈,415,mobile,2025-07-06
SES-0605,user_642,카테고리,장바구니,481,desktop,2025-07-02
SES-0606,user_196,검색,검색,26,desktop,2025-08-26
SES-0607,user_632,홈,검색,409,mobile,2025-08-15
SES-0608,user_874,카테고리,완료,532,mobile,2025-07-29
SES-0609,user_263,카테고리,결제,74,mobile,2025-08-20
SES-0610,user_332,상품상세,홈,507,tablet,2025-08-07
SES-0611,user_471,카테고리,검색,530,mobile,2025-07-30
SES-0612,user_437,홈,완료,420,mobile,2025-07-03
SES-0613,user_704,상품상세,장바구니,116,desktop,2025-07-22
SES-0614,user_643,검색,결제,326,tablet,2025-08-17
SES-0615,user_442,홈,완료,539,desktop,2025-08-30
SES-0616,user_249,상품상세,결제,371,desktop,2025-08-04
SES-0617,user_497,상품상세,장바구니,181,mobile,2025-09-16
SES-0618,user_284,상품상세,홈,229,tablet,2025-08-21
SES-0619,user_301,상품상세,장바구니,34,tablet,2025-08-14
SES-0620,user_209,카테고리,검색,572,desktop,2025-08-05
SES-0621,user_165,카테고리,홈,556,desktop,2025-07-18
SES-0622,user_676,상품상세,완료,94,mobile,2025-07-02
SES-0623,user_105,카테고리,장바구니,59,tablet,2025-08-11
SES-0624,user_615,상품상세,결제,118,tablet,2025-07-28
SES-0625,user_882,홈,검색,152,tablet,2025-09-01
SES-0626,user_721,카테고리,결제,194,desktop,2025-08-11
SES-0627,user_688,상품상세,완료,388,desktop,2025-09-24
SES-0628,user_665,상품상세,홈,412,tablet,2025-09-25
SES-0629,user_553,홈,홈,463,mobile,2025-08-15
SES-0630,user_832,검색,결제,529,desktop,2025-07-04
SES-0631,user_629,상품상세,홈,157,tablet,2025-09-10
SES-0632,user_402,카테고리,결제,356,mobile,2025-09-10
SES-0633,user_585,상품상세,검색,494,mobile,2025-08-08
SES-0634,user_661,검색,장바구니,550,desktop,2025-08-16
SES-0635,user_695,홈,장바구니,348,tablet,2025-07-09
SES-0636,user_366,홈,홈,461,mobile,2025-09-23
SES-0637,user_135,상품상세,장바구니,380,tablet,2025-08-10
SES-0638,user_251,카테고리,결제,180,mobile,2025-07-21
SES-0639,user_906,카테고리,검색,464,desktop,2025-09-04
SES-0640,user_814,카테고리,결제,317,mobile,2025-09-01
SES-0641,user_847,카테고리,검색,91,mobile,2025-09-17
SES-0642,user_267,홈,검색,512,tablet,2025-07-04
SES-0643,user_276,검색,결제,43,desktop,2025-07-05
SES-0644,user_938,검색,검색,284,mobile,2025-07-14
SES-0645,user_443,홈,결제,246,tablet,2025-07-21
SES-0646,user_818,상품상세,결제,100,tablet,2025-08-27
SES-0647,user_642,홈,홈,454,desktop,2025-07-24
SES-0648,user_605,상품상세,검색,339,desktop,2025-08-19
SES-0649,user_723,상품상세,결제,537,desktop,2025-09-26
SES-0650,user_416,상품상세,장바구니,457,tablet,2025-07-18
SES-0651,user_466,상품상세,완료,336,tablet,2025-08-20
SES-0652,user_398,검색,검색,554,tablet,2025-09-29
SES-0653,user_797,카테고리,결제,218,desktop,2025-07-18
SES-0654,user_178,홈,장바구니,11,desktop,2025-08-23
SES-0655,user_292,홈,검색,65,mobile,2025-07-09
SES-0656,user_929,상품상세,장바구니,525,desktop,2025-07-26
SES-0657,user_708,상품상세,검색,104,tablet,2025-08-07
SES-0658,user_914,상품상세,완료,84,desktop,2025-09-13
SES-0659,user_569,카테고리,검색,423,desktop,2025-09-19
SES-0660,user_130,홈,결제,96,tablet,2025-08-03
SES-0661,user_262,홈,홈,354,desktop,2025-09-20
SES-0662,user_848,카테고리,완료,39,tablet,2025-07-14
SES-0663,user_355,상품상세,검색,438,desktop,2025-07-08
SES-0664,user_629,홈,홈,67,mobile,2025-08-10
SES-0665,user_764,검색,결제,549,desktop,2025-07-02
SES-0666,user_357,상품상세,장바구니,103,mobile,2025-07-05
SES-0667,user_550,카테고리,완료,497,desktop,2025-07-20
SES-0668,user_986,홈,결제,30,desktop,2025-07-19
SES-0669,user_789,홈,검색,22,tablet,2025-07-10
SES-0670,user_331,카테고리,검색,383,tablet,2025-09-28
SES-0671,user_741,검색,결제,473,tablet,2025-09-14
SES-0672,user_412,카테고리,완료,445,tablet,2025-08-06
SES-0673,user_902,카테고리,홈,426,tablet,2025-07-29
SES-0674,user_536,상품상세,장바구니,139,tablet,2025-07-11
SES-0675,user_324,상품상세,장바구니,556,mobile,2025-09-12
SES-0676,user_160,카테고리,장바구니,301,desktop,2025-07-25
SES-0677,user_307,홈,결제,198,desktop,2025-08-21
SES-0678,user_867,카테고리,완료,468,mobile,2025-08-30
SES-0679,user_353,홈,결제,390,desktop,2025-07-11
SES-0680,user_211,홈,결제,299,desktop,2025-07-06
SES-0681,user_686,카테고리,결제,351,desktop,2025-09-09
SES-0682,user_548,카테고리,결제,302,mobile,2025-08-21
SES-0683,user_356,홈,검색,73,mobile,2025-07-07
SES-0684,user_999,홈,장바구니,342,tablet,2025-08-27
SES-0685,user_991,검색,장바구니,258,tablet,2025-09-19
SES-0686,user_403,홈,완료,176,desktop,2025-08-15
SES-0687,user_179,카테고리,완료,80,tablet,2025-08-06
SES-0688,user_310,검색,장바구니,173,mobile,2025-08-28
SES-0689,user_805,상품상세,홈,250,desktop,2025-07-20
SES-0690,user_747,상품상세,결제,587,mobile,2025-09-03
SES-0691,user_126,홈,홈,585,tablet,2025-08-07
SES-0692,user_317,카테고리,완료,70,desktop,2025-07-20
SES-0693,user_436,상품상세,홈,425,mobile,2025-08-26
SES-0694,user_985,상품상세,결제,331,desktop,2025-07-31
SES-0695,user_457,상품상세,결제,582,mobile,2025-09-27
SES-0696,user_923,카테고리,결제,122,desktop,2025-09-30
SES-0697,user_254,검색,홈,420,tablet,2025-09-10
SES-0698,user_500,상품상세,홈,321,mobile,2025-09-25
SES-0699,user_278,홈,결제,228,desktop,2025-09-01
SES-0700,user_783,홈,검색,349,desktop,2025-09-01
SES-0701,user_461,홈,완료,457,mobile,2025-08-12
SES-0702,user_492,카테고리,완료,394,desktop,2025-07-10
SES-0703,user_102,상품상세,장바구니,71,tablet,2025-08-19
SES-0704,user_326,카테고리,홈,563,tablet,2025-07-26
SES-0705,user_735,상품상세,장바구니,334,tablet,2025-09-06
SES-0706,user_616,카테고리,검색,201,desktop,2025-08-08
SES-0707,user_780,홈,장바구니,266,mobile,2025-09-12
SES-0708,user_299,홈,홈,72,mobile,2025-08-11
SES-0709,user_777,카테고리,검색,262,desktop,2025-08-28
SES-0710,user_404,카테고리,홈,295,desktop,2025-09-12
SES-0711,user_193,상품상세,검색,187,mobile,2025-08-19
SES-0712,user_608,상품상세,완료,37,desktop,2025-09-30
SES-0713,user_201,홈,결제,359,mobile,2025-08-13
SES-0714,user_152,상품상세,검색,422,mobile,2025-08-06
SES-0715,user_101,홈,장바구니,540,desktop,2025-08-13
SES-0716,user_138,검색,장바구니,536,desktop,2025-09-26
SES-0717,user_753,검색,완료,222,mobile,2025-07-07
SES-0718,user_736,검색,장바구니,282,mobile,2025-08-11
SES-0719,user_356,검색,완료,352,desktop,2025-09-07
SES-0720,user_460,카테고리,홈,401,desktop,2025-09-26
SES-0721,user_306,홈,완료,279,mobile,2025-08-14
SES-0722,user_398,검색,홈,180,mobile,2025-08-18
SES-0723,user_612,상품상세,홈,205,desktop,2025-09-09
SES-0724,user_144,홈,검색,62,tablet,2025-07-12
SES-0725,user_844,검색,홈,169,tablet,2025-09-26
SES-0726,user_728,상품상세,홈,80,desktop,2025-09-20
SES-0727,user_574,검색,검색,599,desktop,2025-07-18
SES-0728,user_576,카테고리,장바구니,29,mobile,2025-08-29
SES-0729,user_293,카테고리,검색,139,tablet,2025-09-18
SES-0730,user_979,검색,결제,472,mobile,2025-07-28
SES-0731,user_368,검색,결제,26,mobile,2025-09-27
SES-0732,user_338,카테고리,결제,391,tablet,2025-08-20
SES-0733,user_853,홈,완료,199,tablet,2025-09-12
SES-0734,user_512,카테고리,장바구니,307,mobile,2025-07-09
SES-0735,user_824,카테고리,장바구니,13,mobile,2025-07-21
SES-0736,user_646,홈,결제,466,mobile,2025-08-13
SES-0737,user_984,카테고리,완료,92,mobile,2025-08-11
SES-0738,user_329,카테고리,검색,309,mobile,2025-08-08
SES-0739,user_366,검색,홈,480,desktop,2025-08-22
SES-0740,user_894,카테고리,검색,337,mobile,2025-08-24
SES-0741,user_370,검색,검색,364,mobile,2025-07-02
SES-0742,user_773,홈,홈,396,tablet,2025-09-10
SES-0743,user_897,검색,결제,247,desktop,2025-08-21
SES-0744,user_757,상품상세,장바구니,134,tablet,2025-08-20
SES-0745,user_164,홈,완료,271,desktop,2025-09-14
SES-0746,user_677,검색,검색,245,mobile,2025-07-17
SES-0747,user_356,홈,검색,351,tablet,2025-07-22
SES-0748,user_471,카테고리,완료,262,desktop,2025-09-03
SES-0749,user_480,홈,홈,121,desktop,2025-09-15
SES-0750,user_331,홈,완료,264,tablet,2025-08-16
SES-0751,user_577,검색,홈,301,desktop,2025-07-28
SES-0752,user_819,검색,검색,55,tablet,2025-07-28
SES-0753,user_420,상품상세,검색,216,mobile,2025-09-19
SES-0754,user_355,상품상세,장바구니,149,mobile,2025-07-20
SES-0755,user_353,카테고리,홈,395,desktop,2025-08-16
SES-0756,user_283,상품상세,완료,149,mobile,2025-07-11
SES-0757,user_785,카테고리,결제,48,mobile,2025-09-15
SES-0758,user_552,카테고리,홈,470,desktop,2025-09-30
SES-0759,user_193,상품상세,검색,86,mobile,2025-09-07
SES-0760,user_411,상품상세,검색,69,desktop,2025-07-07
SES-0761,user_436,검색,장바구니,198,mobile,2025-09-25
SES-0762,user_949,검색,결제,231,mobile,2025-07-16
SES-0763,user_263,상품상세,완료,185,mobile,2025-09-18
SES-0764,user_222,상품상세,홈,526,desktop,2025-09-05
SES-0765,user_664,홈,결제,436,tablet,2025-09-19
SES-0766,user_460,상품상세,검색,19,mobile,2025-07-16
SES-0767,user_198,카테고리,홈,112,mobile,2025-09-10
SES-0768,user_936,카테고리,홈,226,mobile,2025-07-15
SES-0769,user_241,홈,검색,68,desktop,2025-09-25
SES-0770,user_352,홈,완료,60,tablet,2025-07-26
SES-0771,user_230,홈,검색,545,tablet,2025-07-08
SES-0772,user_837,홈,장바구니,90,tablet,2025-09-02
SES-0773,user_802,검색,장바구니,552,desktop,2025-09-29
SES-0774,user_543,카테고리,완료,402,mobile,2025-07-19
SES-0775,user_633,상품상세,검색,503,mobile,2025-07-27
SES-0776,user_379,카테고리,장바구니,118,desktop,2025-07-24
SES-0777,user_240,카테고리,검색,86,tablet,2025-08-01
SES-0778,user_544,홈,홈,523,desktop,2025-07-11
SES-0779,user_273,상품상세,장바구니,591,desktop,2025-09-15
SES-0780,user_333,카테고리,완료,561,desktop,2025-07-05
SES-0781,user_596,검색,결제,585,desktop,2025-07-20
SES-0782,user_828,카테고리,검색,158,desktop,2025-09-18
SES-0783,user_523,상품상세,홈,20,desktop,2025-07-22
SES-0784,user_168,카테고리,장바구니,340,mobile,2025-09-10
SES-0785,user_283,카테고리,장바구니,140,desktop,2025-07-12
SES-0786,user_121,카테고리,완료,326,desktop,2025-08-13
SES-0787,user_543,검색,검색,72,desktop,2025-08-25
SES-0788,user_454,상품상세,검색,82,desktop,2025-09-27
SES-0789,user_160,상품상세,결제,278,tablet,2025-09-13
SES-0790,user_393,홈,장바구니,404,mobile,2025-09-30
SES-0791,user_147,상품상세,홈,45,mobile,2025-09-26
SES-0792,user_389,홈,홈,400,tablet,2025-09-15
SES-0793,user_165,상품상세,완료,61,mobile,2025-07-28
SES-0794,user_283,홈,검색,136,desktop,2025-07-06
SES-0795,user_840,상품상세,완료,37,tablet,2025-08-09
SES-0796,user_936,홈,장바구니,76,tablet,2025-08-22
SES-0797,user_128,카테고리,결제,526,mobile,2025-09-19
SES-0798,user_596,검색,결제,201,desktop,2025-07-12
SES-0799,user_287,상품상세,완료,32,tablet,2025-07-12
SES-0800,user_183,홈,검색,414,mobile,2025-08-17
SES-0801,user_646,카테고리,결제,68,desktop,2025-07-25
SES-0802,user_305,상품상세,장바구니,165,mobile,2025-07-04
SES-0803,user_243,카테고리,장바구니,493,tablet,2025-08-07
SES-0804,user_224,상품상세,완료,159,desktop,2025-08-15
SES-0805,user_188,홈,완료,422,tablet,2025-09-14
SES-0806,user_313,상품상세,검색,15,mobile,2025-08-13
SES-0807,user_732,검색,결제,339,mobile,2025-08-31
SES-0808,user_446,상품상세,검색,424,desktop,2025-07-10
SES-0809,user_966,홈,장바구니,35,tablet,2025-08-10
SES-0810,user_356,홈,장바구니,69,mobile,2025-07-23
SES-0811,user_685,카테고리,홈,289,mobile,2025-07-10
SES-0812,user_101,카테고리,완료,268,desktop,2025-07-04
SES-0813,user_981,검색,장바구니,119,tablet,2025-08-28
SES-0814,user_405,홈,홈,351,tablet,2025-08-10
SES-0815,user_982,상품상세,완료,535,mobile,2025-07-11
SES-0816,user_386,홈,검색,149,desktop,2025-09-02
SES-0817,user_527,상품상세,홈,306,mobile,2025-08-13
SES-0818,user_891,상품상세,홈,305,tablet,2025-07-26
SES-0819,user_232,카테고리,홈,389,desktop,2025-08-14
SES-0820,user_426,홈,홈,520,desktop,2025-07-06
SES-0821,user_625,홈,완료,406,tablet,2025-07-30
SES-0822,user_956,카테고리,검색,77,tablet,2025-08-26
SES-0823,user_206,검색,완료,292,desktop,2025-08-29
SES-0824,user_387,홈,완료,387,desktop,2025-09-01
SES-0825,user_486,검색,장바구니,392,tablet,2025-07-30
SES-0826,user_311,홈,결제,445,mobile,2025-09-30
SES-0827,user_884,검색,완료,109,tablet,2025-07-01
SES-0828,user_617,홈,검색,77,tablet,2025-08-30
SES-0829,user_309,홈,장바구니,298,mobile,2025-09-03
SES-0830,user_541,홈,장바구니,291,desktop,2025-08-20
SES-0831,user_321,홈,홈,252,tablet,2025-07-25
SES-0832,user_705,카테고리,검색,590,mobile,2025-07-02
SES-0833,user_655,카테고리,홈,283,mobile,2025-08-26
SES-0834,user_616,홈,검색,269,tablet,2025-08-20
SES-0835,user_799,상품상세,장바구니,142,tablet,2025-09-18
SES-0836,user_108,홈,홈,293,mobile,2025-09-30
SES-0837,user_770,상품상세,완료,291,desktop,2025-09-29
SES-0838,user_254,홈,검색,556,tablet,2025-07-17
SES-0839,user_111,카테고리,홈,562,tablet,2025-07-18
SES-0840,user_366,검색,완료,240,tablet,2025-07-03
SES-0841,user_161,상품상세,완료,66,tablet,2025-09-18
SES-0842,user_716,카테고리,완료,165,desktop,2025-07-13
SES-0843,user_827,상품상세,결제,223,desktop,2025-09-30
SES-0844,user_654,카테고리,완료,131,mobile,2025-07-30
SES-0845,user_485,홈,장바구니,106,tablet,2025-08-17
SES-0846,user_498,카테고리,장바구니,106,tablet,2025-09-22
SES-0847,user_344,카테고리,결제,525,mobile,2025-09-10
SES-0848,user_851,카테고리,결제,77,mobile,2025-09-22
SES-0849,user_815,홈,완료,216,tablet,2025-07-09
SES-0850,user_554,검색,검색,41,mobile,2025-07-18
SES-0851,user_986,상품상세,장바구니,177,mobile,2025-07-21
SES-0852,user_911,홈,완료,514,mobile,2025-07-28
SES-0853,user_321,상품상세,홈,543,tablet,2025-08-06
SES-0854,user_441,상품상세,결제,314,mobile,2025-09-09
SES-0855,user_916,상품상세,결제,100,tablet,2025-09-24
SES-0856,user_992,검색,홈,515,mobile,2025-09-04
SES-0857,user_187,홈,홈,475,desktop,2025-08-03
SES-0858,user_410,카테고리,완료,257,mobile,2025-08-20
SES-0859,user_705,상품상세,검색,488,mobile,2025-09-18
SES-0860,user_309,상품상세,장바구니,67,mobile,2025-09-08
SES-0861,user_752,홈,완료,305,mobile,2025-07-14
SES-0862,user_593,검색,검색,239,desktop,2025-07-17
SES-0863,user_894,카테고리,결제,113,mobile,2025-07-07
SES-0864,user_696,상품상세,결제,224,mobile,2025-08-16
SES-0865,user_688,상품상세,결제,387,mobile,2025-08-16
SES-0866,user_534,상품상세,장바구니,50,mobile,2025-08-14
SES-0867,user_581,상품상세,검색,106,desktop,2025-08-22
SES-0868,user_722,카테고리,결제,24,desktop,2025-09-09
SES-0869,user_801,홈,결제,31,mobile,2025-08-14
SES-0870,user_685,검색,결제,308,desktop,2025-07-09
SES-0871,user_604,검색,결제,205,tablet,2025-09-02
SES-0872,user_625,홈,결제,538,desktop,2025-07-25
SES-0873,user_769,상품상세,완료,572,mobile,2025-09-25
SES-0874,user_781,상품상세,홈,120,tablet,2025-09-18
SES-0875,user_251,상품상세,홈,130,mobile,2025-08-25
SES-0876,user_364,홈,홈,180,mobile,2025-07-28
SES-0877,user_844,홈,장바구니,112,mobile,2025-09-26
SES-0878,user_811,홈,장바구니,388,desktop,2025-09-01
SES-0879,user_915,상품상세,완료,494,desktop,2025-08-02
SES-0880,user_928,검색,완료,307,mobile,2025-08-22
SES-0881,user_326,상품상세,완료,28,tablet,2025-07-13
SES-0882,user_350,상품상세,결제,234,desktop,2025-09-22
SES-0883,user_420,검색,완료,142,desktop,2025-09-19
SES-0884,user_967,카테고리,완료,359,desktop,2025-09-25
SES-0885,user_788,상품상세,장바구니,405,desktop,2025-09-19
SES-0886,user_872,카테고리,결제,214,tablet,2025-09-02
SES-0887,user_697,검색,홈,27,tablet,2025-07-04
SES-0888,user_289,검색,완료,415,desktop,2025-08-08
SES-0889,user_808,검색,홈,544,desktop,2025-09-24
SES-0890,user_729,검색,홈,445,mobile,2025-07-07
SES-0891,user_959,상품상세,장바구니,26,mobile,2025-07-04
SES-0892,user_658,검색,결제,410,mobile,2025-07-02
SES-0893,user_852,홈,검색,100,desktop,2025-08-20
SES-0894,user_458,상품상세,검색,252,desktop,2025-08-11
SES-0895,user_940,검색,결제,214,mobile,2025-09-24
SES-0896,user_633,상품상세,장바구니,546,mobile,2025-08-06
SES-0897,user_217,카테고리,완료,293,mobile,2025-08-19
SES-0898,user_327,상품상세,장바구니,461,tablet,2025-09-09
SES-0899,user_518,상품상세,장바구니,359,mobile,2025-08-15
SES-0900,user_672,검색,장바구니,225,mobile,2025-09-14
SES-0901,user_247,검색,결제,500,desktop,2025-07-14
SES-0902,user_702,카테고리,홈,466,tablet,2025-09-15
SES-0903,user_584,홈,홈,221,desktop,2025-07-23
SES-0904,user_450,검색,홈,542,tablet,2025-09-08
SES-0905,user_825,카테고리,완료,581,desktop,2025-08-27
SES-0906,user_332,상품상세,완료,189,tablet,2025-08-03
SES-0907,user_897,검색,홈,594,mobile,2025-09-01
SES-0908,user_222,홈,완료,540,mobile,2025-09-26
SES-0909,user_385,홈,결제,274,desktop,2025-08-03
SES-0910,user_527,카테고리,완료,194,tablet,2025-07-29
SES-0911,user_619,검색,완료,367,mobile,2025-09-18
SES-0912,user_461,홈,홈,180,desktop,2025-07-12
SES-0913,user_865,홈,결제,197,desktop,2025-09-24
SES-0914,user_590,홈,장바구니,485,mobile,2025-09-11
SES-0915,user_151,카테고리,결제,168,mobile,2025-08-05
SES-0916,user_214,검색,완료,121,mobile,2025-07-18
SES-0917,user_288,상품상세,검색,308,mobile,2025-07-09
SES-0918,user_828,홈,결제,89,desktop,2025-08-01
SES-0919,user_417,카테고리,결제,513,tablet,2025-08-14
SES-0920,user_308,홈,홈,226,mobile,2025-08-24
SES-0921,user_948,상품상세,결제,204,desktop,2025-09-06
SES-0922,user_339,상품상세,완료,528,tablet,2025-07-14
SES-0923,user_632,검색,결제,341,mobile,2025-08-11
SES-0924,user_411,상품상세,홈,380,tablet,2025-09-25
SES-0925,user_944,홈,완료,59,desktop,2025-07-01
SES-0926,user_984,홈,홈,60,mobile,2025-07-10
SES-0927,user_576,검색,홈,490,desktop,2025-08-29
SES-0928,user_872,카테고리,장바구니,154,mobile,2025-07-01
SES-0929,user_601,검색,결제,291,tablet,2025-07-25
SES-0930,user_959,상품상세,홈,336,mobile,2025-09-21
SES-0931,user_761,카테고리,장바구니,96,mobile,2025-09-07
SES-0932,user_824,상품상세,결제,283,mobile,2025-07-27
SES-0933,user_293,홈,검색,242,tablet,2025-09-10
SES-0934,user_690,홈,완료,141,tablet,2025-07-16
SES-0935,user_532,홈,검색,141,mobile,2025-09-03
SES-0936,user_255,상품상세,검색,345,desktop,2025-09-28
SES-0937,user_102,검색,홈,310,mobile,2025-09-26
SES-0938,user_313,카테고리,결제,102,mobile,2025-08-21
SES-0939,user_692,홈,완료,257,desktop,2025-08-13
SES-0940,user_778,검색,홈,346,desktop,2025-07-26
SES-0941,user_974,카테고리,결제,49,tablet,2025-08-11
SES-0942,user_367,검색,검색,450,tablet,2025-08-17
SES-0943,user_448,상품상세,결제,372,mobile,2025-09-03
SES-0944,user_368,홈,홈,347,desktop,2025-08-30
SES-0945,user_741,검색,완료,97,desktop,2025-08-09
SES-0946,user_757,상품상세,완료,15,tablet,2025-08-13
SES-0947,user_387,상품상세,완료,561,desktop,2025-08-22
SES-0948,user_618,검색,결제,426,tablet,2025-07-20
SES-0949,user_184,카테고리,결제,166,mobile,2025-07-07
SES-0950,user_509,상품상세,장바구니,316,mobile,2025-07-06
SES-0951,user_524,홈,결제,138,tablet,2025-09-20
SES-0952,user_933,카테고리,홈,185,mobile,2025-07-21
SES-0953,user_451,카테고리,완료,218,mobile,2025-07-31
SES-0954,user_432,홈,장바구니,240,tablet,2025-08-10
SES-0955,user_606,카테고리,완료,219,tablet,2025-08-10
SES-0956,user_410,상품상세,완료,422,desktop,2025-07-06
SES-0957,user_114,카테고리,홈,470,tablet,2025-07-23
SES-0958,user_476,검색,홈,515,mobile,2025-08-06
SES-0959,user_410,검색,검색,276,desktop,2025-08-28
SES-0960,user_495,홈,검색,505,tablet,2025-09-23
SES-0961,user_530,홈,검색,127,mobile,2025-08-22
SES-0962,user_987,상품상세,검색,341,tablet,2025-08-02
SES-0963,user_344,검색,검색,96,desktop,2025-07-05
SES-0964,user_846,상품상세,장바구니,31,mobile,2025-07-01
SES-0965,user_465,카테고리,장바구니,275,desktop,2025-08-19
SES-0966,user_116,상품상세,장바구니,114,mobile,2025-07-23
SES-0967,user_952,상품상세,장바구니,397,mobile,2025-07-29
SES-0968,user_603,홈,장바구니,336,tablet,2025-08-23
SES-0969,user_408,카테고리,결제,30,desktop,2025-09-02
SES-0970,user_727,홈,결제,441,desktop,2025-09-25
SES-0971,user_888,카테고리,장바구니,82,desktop,2025-08-13
SES-0972,user_406,검색,결제,343,tablet,2025-08-12
SES-0973,user_465,카테고리,장바구니,151,desktop,2025-07-16
SES-0974,user_648,상품상세,검색,383,tablet,2025-07-11
SES-0975,user_974,상품상세,완료,476,tablet,2025-08-14
SES-0976,user_501,검색,홈,308,mobile,2025-07-12
SES-0977,user_856,상품상세,장바구니,457,tablet,2025-07-06
SES-0978,user_456,검색,장바구니,202,mobile,2025-09-27
SES-0979,user_152,검색,결제,21,desktop,2025-07-07
SES-0980,user_568,상품상세,홈,72,mobile,2025-07-16
SES-0981,user_231,상품상세,홈,281,desktop,2025-07-09
SES-0982,user_280,상품상세,홈,554,desktop,2025-09-17
SES-0983,user_377,상품상세,결제,569,desktop,2025-07-08
SES-0984,user_469,카테고리,결제,62,desktop,2025-08-16
SES-0985,user_917,카테고리,홈,139,tablet,2025-08-08
SES-0986,user_265,상품상세,완료,507,mobile,2025-09-07
SES-0987,user_292,홈,장바구니,573,tablet,2025-09-11
SES-0988,user_509,상품상세,결제,556,desktop,2025-07-17
SES-0989,user_292,상품상세,홈,309,desktop,2025-07-06
SES-0990,user_790,검색,장바구니,64,tablet,2025-09-16
SES-0991,user_637,검색,완료,186,tablet,2025-08-20
SES-0992,user_611,상품상세,장바구니,482,tablet,2025-09-13
SES-0993,user_773,검색,완료,283,tablet,2025-07-29
SES-0994,user_851,상품상세,장바구니,151,tablet,2025-09-18
SES-0995,user_215,홈,결제,245,tablet,2025-07-15
SES-0996,user_151,검색,장바구니,392,tablet,2025-09-22
SES-0997,user_142,홈,장바구니,188,tablet,2025-07-03
SES-0998,user_444,검색,결제,297,mobile,2025-08-18
SES-0999,user_334,상품상세,검색,191,desktop,2025-07-11
SES-1000,user_455,홈,검색,418,mobile,2025-08-16
SES-1001,user_955,검색,결제,94,desktop,2025-07-22
SES-1002,user_106,카테고리,검색,414,tablet,2025-07-22
SES-1003,user_886,상품상세,완료,563,desktop,2025-08-17
SES-1004,user_629,상품상세,결제,279,mobile,2025-07-16
SES-1005,user_844,검색,결제,126,desktop,2025-08-10
SES-1006,user_949,검색,검색,528,desktop,2025-08-07
SES-1007,user_952,검색,홈,113,desktop,2025-07-17
SES-1008,user_809,상품상세,완료,396,tablet,2025-07-16
SES-1009,user_592,상품상세,장바구니,148,tablet,2025-07-29
SES-1010,user_690,홈,장바구니,266,desktop,2025-08-14
SES-1011,user_519,카테고리,홈,95,mobile,2025-09-21
SES-1012,user_732,카테고리,홈,433,desktop,2025-08-09
SES-1013,user_411,홈,검색,134,tablet,2025-07-08
SES-1014,user_800,상품상세,완료,176,desktop,2025-07-04
SES-1015,user_379,검색,완료,555,tablet,2025-09-29
SES-1016,user_692,상품상세,장바구니,143,desktop,2025-07-14
SES-1017,user_262,검색,검색,594,tablet,2025-07-27
SES-1018,user_588,검색,장바구니,185,tablet,2025-07-22
SES-1019,user_905,카테고리,검색,317,mobile,2025-08-21
SES-1020,user_255,홈,장바구니,18,desktop,2025-07-31
SES-1021,user_133,카테고리,결제,14,tablet,2025-08-24
SES-1022,user_498,홈,장바구니,549,mobile,2025-07-01
SES-1023,user_589,홈,완료,45,mobile,2025-08-12
SES-1024,user_862,홈,홈,308,mobile,2025-08-01
SES-1025,user_153,카테고리,결제,84,desktop,2025-07-14
SES-1026,user_931,상품상세,검색,483,desktop,2025-08-01
SES-1027,user_528,홈,검색,440,tablet,2025-07-04
SES-1028,user_980,검색,홈,444,tablet,2025-08-02
SES-1029,user_477,검색,검색,363,tablet,2025-09-21
SES-1030,user_413,카테고리,결제,214,tablet,2025-09-19
SES-1031,user_266,상품상세,홈,310,desktop,2025-07-26
SES-1032,user_100,카테고리,장바구니,329,mobile,2025-07-20
SES-1033,user_211,홈,완료,461,desktop,2025-08-20
SES-1034,user_985,상품상세,홈,437,mobile,2025-08-18
SES-1035,user_251,홈,장바구니,486,desktop,2025-07-16
SES-1036,user_150,홈,결제,190,desktop,2025-08-20
SES-1037,user_967,홈,홈,239,tablet,2025-08-29
SES-1038,user_948,검색,홈,214,mobile,2025-07-27
SES-1039,user_930,카테고리,완료,94,tablet,2025-07-23
SES-1040,user_985,상품상세,홈,598,mobile,2025-09-06
SES-1041,user_232,카테고리,검색,101,tablet,2025-09-25
SES-1042,user_597,검색,결제,518,tablet,2025-07-27
SES-1043,user_431,상품상세,완료,379,mobile,2025-07-23
SES-1044,user_248,검색,홈,226,mobile,2025-08-25
SES-1045,user_978,카테고리,검색,317,desktop,2025-07-14
SES-1046,user_325,홈,검색,326,tablet,2025-09-29
SES-1047,user_526,카테고리,결제,518,desktop,2025-09-14
SES-1048,user_113,상품상세,홈,424,tablet,2025-09-26
SES-1049,user_990,카테고리,홈,134,tablet,2025-07-23
SES-1050,user_541,검색,홈,315,mobile,2025-09-27
SES-1051,user_571,홈,장바구니,486,mobile,2025-08-13
SES-1052,user_699,상품상세,검색,185,tablet,2025-08-17
SES-1053,user_374,상품상세,장바구니,363,tablet,2025-07-17
SES-1054,user_633,검색,장바구니,455,desktop,2025-09-05
SES-1055,user_313,검색,완료,12,desktop,2025-07-11
SES-1056,user_723,상품상세,장바구니,459,tablet,2025-08-30
SES-1057,user_244,검색,결제,462,mobile,2025-07-31
SES-1058,user_345,카테고리,검색,322,tablet,2025-09-29
SES-1059,user_971,카테고리,검색,79,desktop,2025-09-18
SES-1060,user_507,상품상세,결제,408,desktop,2025-08-29
SES-1061,user_838,검색,홈,87,mobile,2025-08-05
SES-1062,user_209,홈,장바구니,283,tablet,2025-09-19
SES-1063,user_898,카테고리,장바구니,512,tablet,2025-09-11
SES-1064,user_868,카테고리,홈,291,mobile,2025-07-02
SES-1065,user_541,카테고리,장바구니,26,tablet,2025-08-30
SES-1066,user_585,검색,완료,109,tablet,2025-08-13
SES-1067,user_562,카테고리,장바구니,112,desktop,2025-07-28
SES-1068,user_128,상품상세,장바구니,454,desktop,2025-07-24
SES-1069,user_655,검색,완료,192,tablet,2025-07-26
SES-1070,user_716,상품상세,장바구니,85,tablet,2025-08-28
SES-1071,user_983,상품상세,홈,49,mobile,2025-07-30
SES-1072,user_806,상품상세,결제,304,mobile,2025-07-16
SES-1073,user_553,홈,홈,202,mobile,2025-07-22
SES-1074,user_809,카테고리,장바구니,350,mobile,2025-09-07
SES-1075,user_254,홈,홈,81,mobile,2025-07-09
SES-1076,user_710,카테고리,검색,380,mobile,2025-09-03
SES-1077,user_823,카테고리,완료,302,tablet,2025-09-12
SES-1078,user_819,검색,완료,350,tablet,2025-09-16
SES-1079,user_551,검색,장바구니,572,mobile,2025-09-10
SES-1080,user_753,카테고리,완료,362,tablet,2025-07-30
SES-1081,user_196,상품상세,완료,398,desktop,2025-07-10
SES-1082,user_482,홈,검색,460,mobile,2025-07-28
SES-1083,user_955,홈,홈,442,desktop,2025-08-25
SES-1084,user_464,상품상세,검색,287,tablet,2025-08-19
SES-1085,user_255,검색,검색,435,tablet,2025-07-29
SES-1086,user_692,카테고리,완료,208,tablet,2025-08-05
SES-1087,user_446,홈,검색,65,tablet,2025-07-03
SES-1088,user_498,카테고리,완료,150,tablet,2025-07-16
SES-1089,user_774,홈,완료,360,tablet,2025-07-11
SES-1090,user_864,검색,완료,173,mobile,2025-08-11
SES-1091,user_535,검색,장바구니,107,desktop,2025-08-03
SES-1092,user_431,상품상세,홈,51,mobile,2025-07-18
SES-1093,user_907,카테고리,완료,320,desktop,2025-08-21
SES-1094,user_441,카테고리,홈,368,mobile,2025-07-22
SES-1095,user_261,홈,완료,27,tablet,2025-09-30
SES-1096,user_701,상품상세,장바구니,59,mobile,2025-09-04
SES-1097,user_821,홈,완료,561,tablet,2025-07-15
SES-1098,user_864,홈,장바구니,196,desktop,2025-07-29
SES-1099,user_482,검색,홈,112,mobile,2025-07-10
SES-1100,user_885,상품상세,결제,169,tablet,2025-07-11
SES-1101,user_348,홈,검색,61,mobile,2025-09-29
SES-1102,user_935,검색,홈,188,desktop,2025-08-08
SES-1103,user_137,상품상세,검색,227,tablet,2025-09-27
SES-1104,user_661,홈,장바구니,381,tablet,2025-09-24
SES-1105,user_223,상품상세,완료,234,mobile,2025-09-26
SES-1106,user_847,카테고리,완료,32,tablet,2025-09-10
SES-1107,user_100,카테고리,결제,309,mobile,2025-09-15
SES-1108,user_654,상품상세,결제,385,desktop,2025-08-04
SES-1109,user_143,검색,홈,577,desktop,2025-08-18
SES-1110,user_229,상품상세,완료,300,tablet,2025-08-25
SES-1111,user_971,홈,검색,428,mobile,2025-07-11
SES-1112,user_371,카테고리,검색,371,desktop,2025-09-02
SES-1113,user_962,상품상세,검색,519,tablet,2025-09-30
SES-1114,user_265,상품상세,검색,573,tablet,2025-09-17
SES-1115,user_789,검색,검색,425,tablet,2025-08-16
SES-1116,user_606,상품상세,완료,340,desktop,2025-07-04
SES-1117,user_424,검색,홈,208,mobile,2025-07-30
SES-1118,user_835,검색,장바구니,590,tablet,2025-09-19
SES-1119,user_286,홈,결제,496,mobile,2025-09-03
SES-1120,user_636,카테고리,장바구니,112,tablet,2025-07-27
SES-1121,user_828,홈,결제,249,tablet,2025-09-21
SES-1122,user_931,카테고리,홈,394,tablet,2025-08-20
SES-1123,user_762,상품상세,완료,515,desktop,2025-08-29
SES-1124,user_756,상품상세,홈,84,desktop,2025-08-13
SES-1125,user_680,검색,장바구니,361,mobile,2025-07-28
SES-1126,user_170,카테고리,결제,488,mobile,2025-09-12
SES-1127,user_539,상품상세,결제,113,tablet,2025-08-13
SES-1128,user_596,홈,결제,219,mobile,2025-09-09
SES-1129,user_776,검색,홈,510,desktop,2025-08-02
SES-1130,user_354,카테고리,완료,141,desktop,2025-09-13
SES-1131,user_181,상품상세,장바구니,85,tablet,2025-08-07
SES-1132,user_884,검색,완료,293,tablet,2025-07-17
SES-1133,user_496,상품상세,결제,354,desktop,2025-08-04
SES-1134,user_856,상품상세,결제,50,tablet,2025-09-12
SES-1135,user_512,상품상세,홈,232,tablet,2025-09-07
SES-1136,user_927,검색,결제,461,tablet,2025-07-22
SES-1137,user_723,홈,결제,593,desktop,2025-09-04
SES-1138,user_705,검색,홈,104,tablet,2025-09-20
SES-1139,user_898,상품상세,장바구니,510,mobile,2025-08-09
SES-1140,user_529,상품상세,완료,118,mobile,2025-09-10
SES-1141,user_476,홈,완료,357,mobile,2025-09-02
SES-1142,user_664,검색,홈,261,mobile,2025-07-18
SES-1143,user_740,검색,완료,181,tablet,2025-09-19
SES-1144,user_201,홈,완료,22,mobile,2025-09-08
SES-1145,user_276,검색,결제,104,mobile,2025-07-28
SES-1146,user_378,카테고리,홈,379,tablet,2025-08-18
SES-1147,user_913,상품상세,검색,338,desktop,2025-07-13
SES-1148,user_438,카테고리,검색,273,desktop,2025-08-22
SES-1149,user_496,홈,완료,66,desktop,2025-09-26
SES-1150,user_557,상품상세,완료,583,tablet,2025-09-23
SES-1151,user_873,검색,완료,593,desktop,2025-07-17
SES-1152,user_324,상품상세,결제,421,tablet,2025-08-26
SES-1153,user_188,상품상세,완료,256,desktop,2025-09-21
SES-1154,user_727,홈,검색,290,tablet,2025-08-20
SES-1155,user_413,검색,홈,482,tablet,2025-07-18
SES-1156,user_982,홈,결제,151,mobile,2025-07-09
SES-1157,user_676,상품상세,장바구니,83,desktop,2025-08-28
SES-1158,user_918,카테고리,홈,102,desktop,2025-08-07
SES-1159,user_515,카테고리,장바구니,180,mobile,2025-07-04
SES-1160,user_474,홈,검색,346,tablet,2025-07-22
SES-1161,user_808,카테고리,완료,459,mobile,2025-09-04
SES-1162,user_843,카테고리,결제,150,desktop,2025-09-01
SES-1163,user_969,상품상세,홈,182,mobile,2025-09-11
SES-1164,user_623,상품상세,완료,173,mobile,2025-07-19
SES-1165,user_326,홈,결제,389,mobile,2025-07-15
SES-1166,user_609,상품상세,홈,525,desktop,2025-09-11
SES-1167,user_742,카테고리,장바구니,398,desktop,2025-08-29
SES-1168,user_374,홈,결제,470,tablet,2025-09-17
SES-1169,user_536,카테고리,완료,99,tablet,2025-08-13
SES-1170,user_621,상품상세,장바구니,236,mobile,2025-07-03
SES-1171,user_929,카테고리,결제,233,tablet,2025-07-06
SES-1172,user_630,카테고리,장바구니,343,mobile,2025-07-11
SES-1173,user_310,카테고리,홈,286,desktop,2025-09-19
SES-1174,user_619,검색,장바구니,172,mobile,2025-08-30
SES-1175,user_806,검색,홈,168,tablet,2025-09-05
SES-1176,user_647,상품상세,검색,200,tablet,2025-07-24
SES-1177,user_963,검색,검색,500,mobile,2025-08-27
SES-1178,user_194,카테고리,결제,166,mobile,2025-08-28
SES-1179,user_455,상품상세,검색,27,tablet,2025-07-20
SES-1180,user_404,검색,장바구니,21,desktop,2025-08-25
SES-1181,user_425,카테고리,결제,135,mobile,2025-09-02
SES-1182,user_376,홈,장바구니,142,desktop,2025-07-14
SES-1183,user_877,검색,장바구니,469,tablet,2025-09-28
SES-1184,user_565,홈,완료,190,desktop,2025-09-30
SES-1185,user_614,검색,결제,188,desktop,2025-09-29
SES-1186,user_385,카테고리,홈,61,tablet,2025-08-22
SES-1187,user_441,검색,홈,564,tablet,2025-07-19
SES-1188,user_958,상품상세,홈,427,desktop,2025-08-28
SES-1189,user_947,검색,장바구니,468,tablet,2025-07-30
SES-1190,user_340,검색,장바구니,220,desktop,2025-09-13
SES-1191,user_979,검색,결제,241,desktop,2025-08-17
SES-1192,user_712,검색,완료,453,desktop,2025-08-16
SES-1193,user_940,상품상세,검색,239,tablet,2025-07-17
SES-1194,user_235,카테고리,장바구니,511,desktop,2025-08-29
SES-1195,user_768,검색,검색,72,desktop,2025-09-20
SES-1196,user_860,상품상세,홈,114,tablet,2025-07-16
SES-1197,user_786,홈,결제,425,desktop,2025-07-02
SES-1198,user_637,홈,검색,82,mobile,2025-09-30
SES-1199,user_683,홈,홈,573,tablet,2025-09-13
SES-1200,user_853,검색,완료,170,tablet,2025-09-07
SES-1201,user_793,상품상세,홈,554,mobile,2025-09-17
SES-1202,user_766,홈,완료,18,mobile,2025-07-10
SES-1203,user_849,홈,완료,563,mobile,2025-09-13
SES-1204,user_416,상품상세,결제,542,tablet,2025-09-14
SES-1205,user_484,상품상세,검색,358,tablet,2025-09-05
SES-1206,user_338,상품상세,완료,526,tablet,2025-09-27
SES-1207,user_748,검색,장바구니,55,mobile,2025-07-13
SES-1208,user_421,홈,장바구니,132,desktop,2025-07-16
SES-1209,user_815,검색,결제,52,mobile,2025-08-24
SES-1210,user_957,홈,결제,467,mobile,2025-09-06
SES-1211,user_504,검색,검색,493,mobile,2025-09-16
SES-1212,user_695,카테고리,검색,113,desktop,2025-09-22
SES-1213,user_104,상품상세,완료,255,mobile,2025-09-27
SES-1214,user_826,카테고리,완료,128,mobile,2025-08-05
SES-1215,user_994,검색,완료,170,desktop,2025-09-29
SES-1216,user_594,홈,완료,467,desktop,2025-08-11
SES-1217,user_936,상품상세,홈,283,tablet,2025-08-18
SES-1218,user_888,홈,장바구니,61,tablet,2025-09-03
SES-1219,user_688,검색,검색,222,tablet,2025-09-29
SES-1220,user_675,카테고리,홈,444,desktop,2025-07-28
SES-1221,user_837,홈,결제,438,mobile,2025-09-01
SES-1222,user_793,카테고리,검색,245,mobile,2025-07-13
SES-1223,user_466,검색,완료,414,mobile,2025-07-22
SES-1224,user_836,상품상세,결제,434,mobile,2025-09-18
SES-1225,user_612,검색,완료,47,mobile,2025-09-30
SES-1226,user_342,카테고리,장바구니,511,mobile,2025-08-03
SES-1227,user_116,상품상세,홈,26,tablet,2025-07-31
SES-1228,user_177,상품상세,검색,401,mobile,2025-08-27
SES-1229,user_804,홈,검색,553,tablet,2025-08-17
SES-1230,user_734,상품상세,결제,137,tablet,2025-08-14
SES-1231,user_436,카테고리,검색,48,desktop,2025-07-28
SES-1232,user_277,홈,결제,569,desktop,2025-09-15
SES-1233,user_141,카테고리,결제,431,mobile,2025-07-21
SES-1234,user_654,검색,완료,136,tablet,2025-09-02
SES-1235,user_828,검색,결제,372,tablet,2025-07-23
SES-1236,user_275,검색,완료,157,desktop,2025-07-18
SES-1237,user_193,검색,검색,478,desktop,2025-08-02
SES-1238,user_280,상품상세,결제,318,mobile,2025-07-24
SES-1239,user_781,카테고리,홈,143,desktop,2025-09-25
SES-1240,user_959,홈,홈,31,mobile,2025-07-06
SES-1241,user_948,홈,완료,446,tablet,2025-08-29
SES-1242,user_268,카테고리,완료,492,desktop,2025-07-08
SES-1243,user_946,카테고리,장바구니,531,mobile,2025-08-15
SES-1244,user_693,상품상세,홈,569,mobile,2025-07-25
SES-1245,user_840,홈,홈,253,tablet,2025-08-26
SES-1246,user_647,홈,장바구니,358,mobile,2025-08-16
SES-1247,user_480,카테고리,검색,576,tablet,2025-09-28
SES-1248,user_841,홈,홈,450,tablet,2025-09-30
SES-1249,user_881,검색,장바구니,526,desktop,2025-09-15
SES-1250,user_859,홈,완료,586,desktop,2025-08-21
SES-1251,user_189,홈,결제,594,tablet,2025-07-25
SES-1252,user_224,홈,검색,465,desktop,2025-09-28
SES-1253,user_328,검색,검색,445,tablet,2025-08-11
SES-1254,user_750,홈,홈,549,mobile,2025-09-27
SES-1255,user_970,카테고리,검색,64,tablet,2025-07-25
SES-1256,user_347,홈,결제,147,desktop,2025-08-19
SES-1257,user_806,홈,장바구니,280,desktop,2025-07-22
SES-1258,user_250,검색,완료,56,tablet,2025-08-02
SES-1259,user_897,상품상세,완료,287,desktop,2025-09-27
SES-1260,user_285,검색,장바구니,308,desktop,2025-08-14
SES-1261,user_109,카테고리,검색,458,mobile,2025-08-19
SES-1262,user_501,검색,장바구니,337,mobile,2025-09-12
SES-1263,user_997,홈,결제,258,tablet,2025-07-30
SES-1264,user_148,상품상세,검색,554,mobile,2025-09-12
SES-1265,user_353,검색,홈,285,tablet,2025-07-11
SES-1266,user_585,홈,장바구니,201,mobile,2025-07-22
SES-1267,user_241,상품상세,검색,277,tablet,2025-07-28
SES-1268,user_667,상품상세,완료,27,desktop,2025-09-19
SES-1269,user_609,검색,결제,185,mobile,2025-08-31
SES-1270,user_514,홈,결제,320,desktop,2025-09-01
SES-1271,user_174,홈,장바구니,83,desktop,2025-09-20
SES-1272,user_138,카테고리,장바구니,403,mobile,2025-08-15
SES-1273,user_133,검색,완료,217,tablet,2025-07-23
SES-1274,user_527,홈,검색,507,tablet,2025-08-21
SES-1275,user_680,카테고리,홈,160,desktop,2025-09-01
SES-1276,user_658,상품상세,홈,492,mobile,2025-08-21
SES-1277,user_825,검색,검색,155,mobile,2025-08-23
SES-1278,user_956,상품상세,완료,555,tablet,2025-07-08
SES-1279,user_959,카테고리,검색,284,mobile,2025-07-07
SES-1280,user_150,카테고리,홈,469,mobile,2025-09-16
SES-1281,user_430,검색,결제,487,mobile,2025-08-04
SES-1282,user_145,홈,홈,465,tablet,2025-08-20
SES-1283,user_705,상품상세,결제,207,desktop,2025-07-14
SES-1284,user_357,상품상세,결제,585,tablet,2025-09-30
SES-1285,user_521,카테고리,장바구니,241,desktop,2025-09-12
SES-1286,user_343,상품상세,장바구니,272,tablet,2025-07-20
SES-1287,user_789,상품상세,결제,365,tablet,2025-08-10
SES-1288,user_753,검색,검색,173,desktop,2025-08-26
SES-1289,user_790,카테고리,홈,310,desktop,2025-08-26
SES-1290,user_563,카테고리,결제,389,desktop,2025-08-03
SES-1291,user_631,상품상세,홈,548,tablet,2025-07-29
SES-1292,user_504,홈,검색,553,mobile,2025-07-27
SES-1293,user_110,상품상세,검색,512,mobile,2025-07-25
SES-1294,user_292,카테고리,홈,571,mobile,2025-09-17
SES-1295,user_562,카테고리,홈,143,tablet,2025-08-27
SES-1296,user_303,홈,장바구니,223,mobile,2025-08-23
SES-1297,user_114,검색,장바구니,569,tablet,2025-09-29
SES-1298,user_496,상품상세,홈,117,mobile,2025-08-15
SES-1299,user_870,검색,장바구니,296,tablet,2025-07-20
SES-1300,user_954,검색,검색,153,desktop,2025-09-18
SES-1301,user_402,검색,홈,475,mobile,2025-09-09
SES-1302,user_682,검색,장바구니,76,mobile,2025-07-12
SES-1303,user_999,홈,검색,425,mobile,2025-09-13
SES-1304,user_603,검색,홈,492,desktop,2025-08-08
SES-1305,user_854,검색,홈,527,mobile,2025-07-14
SES-1306,user_222,상품상세,홈,496,tablet,2025-07-05
SES-1307,user_355,상품상세,검색,337,mobile,2025-09-14
SES-1308,user_352,카테고리,장바구니,21,mobile,2025-09-26
SES-1309,user_189,카테고리,결제,16,desktop,2025-07-16
SES-1310,user_310,카테고리,결제,145,tablet,2025-07-10
SES-1311,user_615,상품상세,검색,224,tablet,2025-09-09
SES-1312,user_716,상품상세,홈,44,mobile,2025-07-29
SES-1313,user_305,홈,완료,178,desktop,2025-07-09
SES-1314,user_467,검색,완료,442,tablet,2025-08-31
SES-1315,user_361,검색,홈,506,desktop,2025-09-19
SES-1316,user_987,카테고리,검색,123,tablet,2025-08-04
SES-1317,user_331,검색,검색,307,desktop,2025-07-23
SES-1318,user_754,상품상세,완료,283,tablet,2025-08-26
SES-1319,user_892,홈,홈,432,mobile,2025-09-22
SES-1320,user_616,홈,완료,31,mobile,2025-08-17
SES-1321,user_833,홈,장바구니,589,desktop,2025-07-26
SES-1322,user_249,홈,완료,432,mobile,2025-07-13
SES-1323,user_481,상품상세,검색,213,desktop,2025-08-12
SES-1324,user_190,홈,홈,118,desktop,2025-07-04
SES-1325,user_591,홈,결제,311,desktop,2025-08-28
SES-1326,user_944,카테고리,홈,73,tablet,2025-09-24
SES-1327,user_499,카테고리,홈,412,mobile,2025-07-15
SES-1328,user_568,홈,홈,568,tablet,2025-09-05
SES-1329,user_888,검색,홈,300,mobile,2025-07-03
SES-1330,user_887,상품상세,결제,53,desktop,2025-09-16
SES-1331,user_396,검색,검색,206,desktop,2025-07-13
SES-1332,user_284,홈,장바구니,515,mobile,2025-07-22
SES-1333,user_115,검색,장바구니,245,mobile,2025-07-28
SES-1334,user_661,카테고리,장바구니,599,tablet,2025-07-16
SES-1335,user_601,카테고리,장바구니,350,desktop,2025-09-18
SES-1336,user_828,상품상세,검색,266,desktop,2025-07-11
SES-1337,user_799,카테고리,검색,597,desktop,2025-09-18
SES-1338,user_288,검색,검색,63,mobile,2025-07-15
SES-1339,user_790,홈,검색,554,tablet,2025-07-08
SES-1340,user_994,홈,홈,235,desktop,2025-09-23
SES-1341,user_859,상품상세,결제,272,tablet,2025-07-13
SES-1342,user_559,상품상세,검색,523,desktop,2025-09-01
SES-1343,user_239,홈,장바구니,73,tablet,2025-07-30
SES-1344,user_653,상품상세,홈,25,mobile,2025-08-25
SES-1345,user_193,상품상세,장바구니,425,tablet,2025-09-11
SES-1346,user_828,홈,홈,367,mobile,2025-08-07
SES-1347,user_443,홈,완료,557,mobile,2025-09-28
SES-1348,user_859,카테고리,홈,166,tablet,2025-07-13
SES-1349,user_253,카테고리,검색,562,mobile,2025-07-23
SES-1350,user_720,상품상세,결제,568,desktop,2025-09-06
SES-1351,user_967,홈,완료,334,desktop,2025-08-06
SES-1352,user_971,검색,완료,276,desktop,2025-08-19
SES-1353,user_383,상품상세,검색,435,mobile,2025-09-07
SES-1354,user_776,홈,완료,75,tablet,2025-09-02
SES-1355,user_974,홈,검색,457,mobile,2025-08-06
SES-1356,user_964,카테고리,완료,548,desktop,2025-09-29
SES-1357,user_480,홈,완료,29,desktop,2025-09-19
SES-1358,user_273,카테고리,검색,417,desktop,2025-07-05
SES-1359,user_315,상품상세,장바구니,205,desktop,2025-09-30
SES-1360,user_423,카테고리,완료,140,tablet,2025-09-11
SES-1361,user_330,홈,홈,498,mobile,2025-07-07
SES-1362,user_713,홈,장바구니,319,mobile,2025-08-14
SES-1363,user_465,카테고리,완료,362,tablet,2025-07-30
SES-1364,user_917,홈,검색,352,tablet,2025-07-12
SES-1365,user_802,홈,장바구니,382,mobile,2025-09-18
SES-1366,user_119,카테고리,결제,398,mobile,2025-08-21
SES-1367,user_483,상품상세,검색,223,desktop,2025-08-27
SES-1368,user_623,상품상세,검색,368,mobile,2025-07-01
SES-1369,user_438,홈,장바구니,185,tablet,2025-09-12
SES-1370,user_234,카테고리,완료,524,tablet,2025-08-28
SES-1371,user_220,홈,홈,486,tablet,2025-08-01
SES-1372,user_935,홈,결제,44,mobile,2025-09-09
SES-1373,user_779,홈,장바구니,107,tablet,2025-07-27
SES-1374,user_181,카테고리,결제,359,desktop,2025-09-06
SES-1375,user_782,검색,장바구니,278,tablet,2025-09-03
SES-1376,user_491,홈,완료,262,tablet,2025-09-27
SES-1377,user_502,홈,완료,371,mobile,2025-07-11
SES-1378,user_799,홈,장바구니,168,mobile,2025-09-23
SES-1379,user_413,검색,장바구니,508,desktop,2025-08-12
SES-1380,user_710,카테고리,홈,256,desktop,2025-07-18
SES-1381,user_687,홈,장바구니,494,desktop,2025-08-18
SES-1382,user_721,홈,검색,459,desktop,2025-09-11
SES-1383,user_541,홈,검색,551,mobile,2025-08-29
SES-1384,user_660,검색,홈,588,mobile,2025-07-18
SES-1385,user_229,검색,장바구니,426,desktop,2025-09-16
SES-1386,user_154,카테고리,완료,500,tablet,2025-09-17
SES-1387,user_877,상품상세,완료,53,tablet,2025-08-28
SES-1388,user_686,상품상세,결제,100,tablet,2025-08-20
SES-1389,user_305,검색,완료,237,mobile,2025-07-13
SES-1390,user_979,카테고리,검색,129,desktop,2025-08-05
SES-1391,user_751,홈,장바구니,71,tablet,2025-09-26
SES-1392,user_757,상품상세,장바구니,261,desktop,2025-07-27
SES-1393,user_470,카테고리,장바구니,361,mobile,2025-07-06
SES-1394,user_489,검색,장바구니,67,mobile,2025-07-19
SES-1395,user_567,검색,홈,492,desktop,2025-09-12
SES-1396,user_201,카테고리,완료,369,tablet,2025-09-12
SES-1397,user_925,홈,장바구니,280,desktop,2025-09-13
SES-1398,user_349,카테고리,결제,200,mobile,2025-08-03
SES-1399,user_407,카테고리,결제,580,mobile,2025-09-16
SES-1400,user_485,검색,장바구니,336,tablet,2025-07-21
SES-1401,user_800,카테고리,홈,536,mobile,2025-07-04
SES-1402,user_408,홈,검색,579,mobile,2025-08-13
SES-1403,user_435,상품상세,결제,75,tablet,2025-07-09
SES-1404,user_598,홈,장바구니,560,tablet,2025-09-20
SES-1405,user_765,홈,장바구니,425,desktop,2025-08-18
SES-1406,user_374,검색,완료,66,mobile,2025-09-22
SES-1407,user_679,상품상세,홈,167,mobile,2025-08-16
SES-1408,user_724,상품상세,완료,57,mobile,2025-09-04
SES-1409,user_837,검색,검색,466,tablet,2025-08-27
SES-1410,user_338,홈,결제,215,desktop,2025-07-09
SES-1411,user_323,카테고리,검색,189,mobile,2025-07-05
SES-1412,user_160,상품상세,장바구니,220,tablet,2025-09-29
SES-1413,user_885,카테고리,홈,246,mobile,2025-09-23
SES-1414,user_697,검색,검색,153,desktop,2025-08-09
SES-1415,user_323,검색,완료,437,desktop,2025-08-31
SES-1416,user_909,카테고리,검색,546,mobile,2025-07-23
SES-1417,user_315,홈,완료,191,desktop,2025-08-02
SES-1418,user_259,상품상세,완료,582,tablet,2025-07-30
SES-1419,user_839,검색,장바구니,299,tablet,2025-07-02
SES-1420,user_516,홈,홈,99,tablet,2025-08-08
SES-1421,user_219,검색,홈,396,desktop,2025-07-29
SES-1422,user_422,상품상세,장바구니,274,mobile,2025-08-18
SES-1423,user_129,홈,검색,110,tablet,2025-07-27
SES-1424,user_939,카테고리,완료,135,mobile,2025-08-25
SES-1425,user_733,홈,검색,482,tablet,2025-08-07
SES-1426,user_999,홈,완료,176,mobile,2025-09-23
SES-1427,user_179,카테고리,결제,153,desktop,2025-09-24
SES-1428,user_431,카테고리,결제,176,mobile,2025-09-24
SES-1429,user_609,홈,결제,202,mobile,2025-07-04
SES-1430,user_990,상품상세,장바구니,187,mobile,2025-09-24
SES-1431,user_764,홈,완료,73,tablet,2025-07-16
SES-1432,user_861,홈,홈,181,desktop,2025-07-15
SES-1433,user_412,카테고리,장바구니,580,mobile,2025-07-17
SES-1434,user_464,홈,결제,153,mobile,2025-07-15
SES-1435,user_924,홈,완료,91,desktop,2025-09-24
SES-1436,user_546,상품상세,완료,354,mobile,2025-07-13
SES-1437,user_718,검색,홈,282,mobile,2025-07-21
SES-1438,user_799,검색,장바구니,111,mobile,2025-07-01
SES-1439,user_886,상품상세,완료,161,desktop,2025-08-19
SES-1440,user_827,홈,장바구니,432,tablet,2025-09-22
SES-1441,user_970,상품상세,결제,379,tablet,2025-08-19
SES-1442,user_608,상품상세,결제,152,mobile,2025-08-17
SES-1443,user_411,검색,결제,344,mobile,2025-08-13
SES-1444,user_465,검색,결제,265,tablet,2025-07-26
SES-1445,user_674,상품상세,홈,466,tablet,2025-07-14
SES-1446,user_346,홈,결제,543,desktop,2025-09-25
SES-1447,user_885,카테고리,완료,277,tablet,2025-07-25
SES-1448,user_333,홈,검색,192,desktop,2025-08-14
SES-1449,user_428,상품상세,장바구니,458,desktop,2025-07-11
SES-1450,user_893,카테고리,홈,562,tablet,2025-09-04
SES-1451,user_888,홈,장바구니,165,tablet,2025-08-03
SES-1452,user_612,홈,장바구니,386,mobile,2025-09-10
SES-1453,user_525,상품상세,결제,249,desktop,2025-09-07
SES-1454,user_269,홈,결제,298,desktop,2025-09-16
SES-1455,user_933,상품상세,장바구니,122,tablet,2025-08-13
SES-1456,user_498,홈,장바구니,505,desktop,2025-09-25
SES-1457,user_793,검색,홈,60,desktop,2025-08-27
SES-1458,user_899,상품상세,홈,452,tablet,2025-08-08
SES-1459,user_729,상품상세,결제,98,desktop,2025-07-22
SES-1460,user_527,카테고리,완료,269,tablet,2025-09-27
SES-1461,user_943,검색,완료,503,desktop,2025-07-08
SES-1462,user_885,상품상세,완료,457,desktop,2025-07-28
SES-1463,user_218,상품상세,결제,239,tablet,2025-07-22
SES-1464,user_374,카테고리,장바구니,262,desktop,2025-09-23
SES-1465,user_246,검색,검색,218,desktop,2025-07-31
SES-1466,user_186,상품상세,완료,526,tablet,2025-07-23
SES-1467,user_671,상품상세,결제,552,mobile,2025-09-17
SES-1468,user_531,홈,결제,386,desktop,2025-09-07
SES-1469,user_284,상품상세,검색,297,mobile,2025-09-06
SES-1470,user_765,홈,검색,22,tablet,2025-07-05
SES-1471,user_608,카테고리,홈,139,desktop,2025-09-14
SES-1472,user_159,검색,장바구니,76,mobile,2025-07-02
SES-1473,user_952,검색,홈,237,mobile,2025-09-19
SES-1474,user_889,홈,완료,578,mobile,2025-07-31
SES-1475,user_375,검색,결제,225,tablet,2025-08-27
SES-1476,user_378,상품상세,홈,483,mobile,2025-07-03
SES-1477,user_608,상품상세,장바구니,107,tablet,2025-08-16
SES-1478,user_119,상품상세,검색,229,desktop,2025-08-31
SES-1479,user_977,상품상세,장바구니,177,desktop,2025-09-06
SES-1480,user_273,검색,검색,499,mobile,2025-07-10
SES-1481,user_559,카테고리,완료,592,tablet,2025-08-24
SES-1482,user_155,검색,홈,17,desktop,2025-07-29
SES-1483,user_271,홈,결제,27,mobile,2025-09-11
SES-1484,user_796,상품상세,검색,483,mobile,2025-07-21
SES-1485,user_868,검색,홈,215,tablet,2025-08-29
SES-1486,user_582,상품상세,결제,497,desktop,2025-09-22
SES-1487,user_397,상품상세,결제,34,desktop,2025-07-28
SES-1488,user_216,검색,완료,85,desktop,2025-09-04
SES-1489,user_747,홈,검색,409,mobile,2025-08-07
SES-1490,user_768,홈,완료,46,desktop,2025-08-27
SES-1491,user_816,카테고리,결제,353,mobile,2025-08-24
SES-1492,user_350,카테고리,홈,485,tablet,2025-08-04
SES-1493,user_466,홈,결제,363,desktop,2025-09-19
SES-1494,user_659,카테고리,검색,441,mobile,2025-09-27
SES-1495,user_712,카테고리,완료,34,desktop,2025-09-27
SES-1496,user_173,홈,홈,356,desktop,2025-07-01
SES-1497,user_339,홈,결제,281,mobile,2025-08-04
SES-1498,user_460,검색,장바구니,134,tablet,2025-07-29
SES-1499,user_229,상품상세,장바구니,313,tablet,2025-08-25
SES-1500,user_622,상품상세,검색,226,mobile,2025-08-02
SES-1501,user_554,홈,장바구니,278,tablet,2025-07-26
SES-1502,user_192,홈,검색,98,tablet,2025-08-13
SES-1503,user_499,카테고리,홈,385,tablet,2025-07-04
SES-1504,user_122,홈,홈,538,desktop,2025-09-06
SES-1505,user_369,검색,홈,316,mobile,2025-07-01
SES-1506,user_691,홈,검색,168,mobile,2025-08-06
SES-1507,user_436,상품상세,홈,514,mobile,2025-07-30
SES-1508,user_200,홈,결제,576,desktop,2025-08-04
SES-1509,user_873,상품상세,결제,545,desktop,2025-07-05
SES-1510,user_244,검색,홈,147,mobile,2025-07-23
SES-1511,user_140,검색,장바구니,315,mobile,2025-08-23
SES-1512,user_753,홈,완료,394,tablet,2025-07-30
SES-1513,user_793,카테고리,결제,55,tablet,2025-08-30
SES-1514,user_374,홈,검색,269,desktop,2025-07-29
SES-1515,user_694,카테고리,장바구니,39,tablet,2025-08-19
SES-1516,user_161,검색,완료,382,mobile,2025-07-03
SES-1517,user_667,상품상세,검색,423,mobile,2025-09-08
SES-1518,user_639,상품상세,결제,455,desktop,2025-08-12
SES-1519,user_822,홈,홈,288,tablet,2025-08-05
SES-1520,user_745,카테고리,홈,124,desktop,2025-07-25
SES-1521,user_398,상품상세,결제,388,desktop,2025-07-10
SES-1522,user_832,홈,홈,233,desktop,2025-08-21
SES-1523,user_438,홈,검색,422,desktop,2025-07-11
SES-1524,user_260,검색,결제,527,mobile,2025-07-18
SES-1525,user_255,카테고리,장바구니,477,desktop,2025-08-28
SES-1526,user_900,검색,장바구니,274,desktop,2025-07-28
SES-1527,user_261,홈,결제,539,desktop,2025-08-02
SES-1528,user_566,홈,결제,270,desktop,2025-08-18
SES-1529,user_790,검색,완료,568,mobile,2025-08-04
SES-1530,user_733,홈,결제,252,mobile,2025-08-20
SES-1531,user_395,검색,결제,414,mobile,2025-09-30
SES-1532,user_959,홈,검색,493,mobile,2025-09-23
SES-1533,user_235,카테고리,장바구니,23,mobile,2025-09-24
SES-1534,user_359,상품상세,홈,90,tablet,2025-08-28
SES-1535,user_684,카테고리,검색,498,desktop,2025-09-24
SES-1536,user_631,카테고리,장바구니,385,tablet,2025-09-21
SES-1537,user_164,카테고리,장바구니,284,desktop,2025-08-09
SES-1538,user_653,카테고리,장바구니,568,desktop,2025-09-25
SES-1539,user_943,상품상세,홈,251,tablet,2025-09-18
SES-1540,user_957,검색,홈,347,tablet,2025-09-26
SES-1541,user_568,상품상세,결제,96,desktop,2025-08-08
SES-1542,user_931,검색,장바구니,579,desktop,2025-09-26
SES-1543,user_376,상품상세,완료,535,tablet,2025-09-07
SES-1544,user_582,카테고리,홈,296,desktop,2025-08-08
SES-1545,user_607,홈,결제,560,tablet,2025-08-12
SES-1546,user_938,검색,홈,572,tablet,2025-08-04
SES-1547,user_865,검색,결제,351,tablet,2025-08-24
SES-1548,user_638,상품상세,검색,449,desktop,2025-09-29
SES-1549,user_241,검색,완료,374,tablet,2025-08-18
SES-1550,user_673,홈,결제,469,mobile,2025-08-22
SES-1551,user_350,검색,홈,354,desktop,2025-09-03
SES-1552,user_504,검색,홈,383,mobile,2025-09-09
SES-1553,user_463,카테고리,완료,327,mobile,2025-08-11
SES-1554,user_987,상품상세,장바구니,103,desktop,2025-08-28
SES-1555,user_266,상품상세,완료,392,tablet,2025-09-08
SES-1556,user_766,검색,장바구니,544,tablet,2025-08-28
SES-1557,user_678,검색,홈,235,mobile,2025-09-23
SES-1558,user_521,검색,결제,296,desktop,2025-08-09
SES-1559,user_381,카테고리,장바구니,312,mobile,2025-08-27
SES-1560,user_829,홈,검색,80,tablet,2025-09-18
SES-1561,user_573,홈,홈,261,tablet,2025-08-29
SES-1562,user_192,검색,결제,549,tablet,2025-07-18
SES-1563,user_710,검색,홈,321,mobile,2025-09-23
SES-1564,user_706,홈,완료,384,tablet,2025-09-13
SES-1565,user_883,홈,장바구니,418,desktop,2025-07-12
SES-1566,user_286,검색,홈,141,mobile,2025-08-28
SES-1567,user_950,검색,검색,52,tablet,2025-08-28
SES-1568,user_912,검색,검색,275,tablet,2025-08-16
SES-1569,user_589,홈,완료,507,mobile,2025-09-17
SES-1570,user_821,검색,장바구니,37,tablet,2025-09-13
SES-1571,user_164,상품상세,홈,449,desktop,2025-08-03
SES-1572,user_184,카테고리,결제,185,mobile,2025-07-02
SES-1573,user_339,홈,홈,331,mobile,2025-08-03
SES-1574,user_204,홈,결제,403,mobile,2025-09-28
SES-1575,user_504,상품상세,검색,210,desktop,2025-08-29
SES-1576,user_510,홈,검색,586,mobile,2025-07-22
SES-1577,user_783,카테고리,완료,549,desktop,2025-07-06
SES-1578,user_446,상품상세,검색,456,tablet,2025-08-07
SES-1579,user_184,검색,장바구니,142,mobile,2025-09-16
SES-1580,user_310,카테고리,완료,106,desktop,2025-08-07
SES-1581,user_348,홈,검색,139,desktop,2025-07-17
SES-1582,user_948,홈,검색,147,tablet,2025-09-23
SES-1583,user_448,카테고리,홈,561,tablet,2025-07-21
SES-1584,user_691,검색,검색,288,desktop,2025-07-31
SES-1585,user_448,검색,홈,254,tablet,2025-08-06
SES-1586,user_938,검색,홈,275,desktop,2025-07-31
SES-1587,user_268,상품상세,홈,576,mobile,2025-07-25
SES-1588,user_669,상품상세,검색,249,desktop,2025-07-23
SES-1589,user_289,홈,검색,222,tablet,2025-09-06
SES-1590,user_738,카테고리,완료,164,mobile,2025-09-29
SES-1591,user_331,홈,장바구니,203,tablet,2025-09-09
SES-1592,user_806,카테고리,결제,502,tablet,2025-07-02
SES-1593,user_403,검색,홈,597,mobile,2025-07-14
SES-1594,user_487,상품상세,홈,223,desktop,2025-09-12
SES-1595,user_481,상품상세,결제,181,mobile,2025-09-05
SES-1596,user_765,홈,검색,345,desktop,2025-09-29
SES-1597,user_465,홈,결제,316,mobile,2025-07-30
SES-1598,user_505,홈,결제,519,tablet,2025-07-20
SES-1599,user_714,홈,홈,327,tablet,2025-08-10
SES-1600,user_725,상품상세,완료,378,mobile,2025-09-01
SES-1601,user_203,카테고리,홈,163,mobile,2025-07-14
SES-1602,user_504,카테고리,검색,231,desktop,2025-09-24
SES-1603,user_305,홈,장바구니,303,desktop,2025-08-28
SES-1604,user_221,홈,장바구니,389,tablet,2025-07-10
SES-1605,user_374,카테고리,완료,388,mobile,2025-09-03
SES-1606,user_937,검색,장바구니,340,mobile,2025-09-01
SES-1607,user_330,홈,검색,486,tablet,2025-09-08
SES-1608,user_299,카테고리,결제,394,desktop,2025-09-16
SES-1609,user_462,카테고리,장바구니,419,mobile,2025-09-30
SES-1610,user_491,카테고리,홈,402,mobile,2025-08-25
SES-1611,user_751,검색,결제,26,desktop,2025-08-23
SES-1612,user_234,홈,장바구니,521,mobile,2025-08-16
SES-1613,user_525,홈,결제,175,desktop,2025-07-02
SES-1614,user_913,홈,검색,379,tablet,2025-07-16
SES-1615,user_708,상품상세,결제,222,mobile,2025-07-31
SES-1616,user_941,카테고리,완료,588,tablet,2025-07-21
SES-1617,user_933,홈,장바구니,423,mobile,2025-08-16
SES-1618,user_998,상품상세,완료,215,desktop,2025-08-21
SES-1619,user_253,카테고리,장바구니,175,mobile,2025-08-14
SES-1620,user_806,검색,홈,20,desktop,2025-07-23
SES-1621,user_303,검색,결제,150,mobile,2025-07-19
SES-1622,user_333,상품상세,홈,332,mobile,2025-09-11
SES-1623,user_248,검색,완료,365,tablet,2025-07-30
SES-1624,user_563,카테고리,검색,131,desktop,2025-08-04
SES-1625,user_575,홈,장바구니,246,tablet,2025-09-01
SES-1626,user_174,카테고리,결제,327,desktop,2025-09-13
SES-1627,user_992,카테고리,완료,68,desktop,2025-09-29
SES-1628,user_313,카테고리,홈,282,mobile,2025-07-15
SES-1629,user_781,홈,장바구니,451,desktop,2025-07-13
SES-1630,user_309,카테고리,완료,434,tablet,2025-09-04
SES-1631,user_335,카테고리,완료,586,tablet,2025-07-03
SES-1632,user_236,카테고리,홈,163,tablet,2025-09-13
SES-1633,user_746,검색,장바구니,588,tablet,2025-08-14
SES-1634,user_417,검색,홈,323,desktop,2025-09-18
SES-1635,user_318,홈,결제,557,mobile,2025-07-28
SES-1636,user_820,상품상세,완료,551,mobile,2025-07-25
SES-1637,user_148,상품상세,결제,164,tablet,2025-08-16
SES-1638,user_470,상품상세,검색,470,desktop,2025-09-18
SES-1639,user_502,카테고리,결제,10,desktop,2025-08-18
SES-1640,user_163,홈,홈,265,tablet,2025-08-06
SES-1641,user_974,상품상세,검색,420,desktop,2025-07-30
SES-1642,user_233,검색,결제,282,mobile,2025-08-14
SES-1643,user_710,상품상세,결제,532,desktop,2025-09-25
SES-1644,user_320,상품상세,결제,133,tablet,2025-08-29
SES-1645,user_866,홈,장바구니,210,mobile,2025-08-10
SES-1646,user_364,카테고리,완료,23,desktop,2025-09-28
SES-1647,user_129,카테고리,장바구니,372,desktop,2025-08-07
SES-1648,user_187,상품상세,홈,551,tablet,2025-08-17
SES-1649,user_706,홈,결제,77,tablet,2025-07-18
SES-1650,user_280,상품상세,완료,417,mobile,2025-09-27
SES-1651,user_630,카테고리,결제,306,mobile,2025-09-16
SES-1652,user_223,카테고리,홈,471,mobile,2025-07-13
SES-1653,user_455,카테고리,검색,225,tablet,2025-09-11
SES-1654,user_857,상품상세,장바구니,261,desktop,2025-08-08
SES-1655,user_497,카테고리,결제,332,mobile,2025-07-09
SES-1656,user_657,홈,홈,592,mobile,2025-08-02
SES-1657,user_106,검색,장바구니,372,desktop,2025-09-05
SES-1658,user_166,홈,홈,376,desktop,2025-09-24
SES-1659,user_704,카테고리,검색,360,desktop,2025-07-10
SES-1660,user_724,상품상세,결제,206,mobile,2025-08-09
SES-1661,user_578,홈,홈,553,tablet,2025-09-14
SES-1662,user_329,홈,장바구니,581,mobile,2025-09-06
SES-1663,user_985,카테고리,결제,211,desktop,2025-08-20
SES-1664,user_393,홈,결제,441,desktop,2025-07-05
SES-1665,user_805,상품상세,홈,342,desktop,2025-08-29
SES-1666,user_458,상품상세,결제,102,tablet,2025-09-14
SES-1667,user_340,검색,검색,549,mobile,2025-08-15
SES-1668,user_936,홈,검색,442,desktop,2025-07-06
SES-1669,user_801,상품상세,검색,521,desktop,2025-08-20
SES-1670,user_486,카테고리,홈,84,tablet,2025-08-23
SES-1671,user_852,검색,검색,116,tablet,2025-07-22
SES-1672,user_634,홈,장바구니,86,mobile,2025-08-23
SES-1673,user_472,검색,검색,282,tablet,2025-07-19
SES-1674,user_100,검색,홈,197,desktop,2025-07-24
SES-1675,user_791,검색,완료,158,desktop,2025-08-18
SES-1676,user_418,검색,홈,587,tablet,2025-09-30
SES-1677,user_852,상품상세,홈,180,desktop,2025-07-29
SES-1678,user_649,카테고리,완료,259,mobile,2025-09-19
SES-1679,user_586,상품상세,결제,528,tablet,2025-08-10
SES-1680,user_966,카테고리,장바구니,163,tablet,2025-07-03
SES-1681,user_270,홈,결제,297,desktop,2025-08-19
SES-1682,user_505,상품상세,검색,566,mobile,2025-08-03
SES-1683,user_136,상품상세,결제,195,desktop,2025-08-03
SES-1684,user_248,상품상세,홈,20,mobile,2025-08-16
SES-1685,user_310,상품상세,완료,266,tablet,2025-07-11
SES-1686,user_617,카테고리,장바구니,499,desktop,2025-07-24
SES-1687,user_229,홈,검색,381,tablet,2025-07-06
SES-1688,user_247,카테고리,결제,409,tablet,2025-09-18
SES-1689,user_782,홈,장바구니,390,desktop,2025-09-03
SES-1690,user_172,홈,장바구니,551,desktop,2025-07-06
SES-1691,user_978,카테고리,검색,537,desktop,2025-07-08
SES-1692,user_566,홈,홈,587,mobile,2025-07-03
SES-1693,user_323,검색,홈,62,mobile,2025-08-14
SES-1694,user_272,홈,완료,156,mobile,2025-07-30
SES-1695,user_210,카테고리,장바구니,594,mobile,2025-08-20
SES-1696,user_766,상품상세,검색,211,mobile,2025-07-07
SES-1697,user_729,홈,장바구니,441,mobile,2025-09-28
SES-1698,user_226,상품상세,검색,167,desktop,2025-09-20
SES-1699,user_983,상품상세,결제,65,mobile,2025-08-01
SES-1700,user_505,홈,장바구니,342,desktop,2025-09-07
SES-1701,user_791,카테고리,검색,30,desktop,2025-09-16
SES-1702,user_780,검색,완료,96,desktop,2025-09-23
SES-1703,user_151,홈,완료,339,mobile,2025-07-13
SES-1704,user_555,상품상세,결제,210,desktop,2025-09-13
SES-1705,user_532,상품상세,홈,144,desktop,2025-07-26
SES-1706,user_902,카테고리,장바구니,204,tablet,2025-09-14
SES-1707,user_205,홈,결제,195,mobile,2025-09-16
SES-1708,user_434,검색,결제,18,desktop,2025-08-09
SES-1709,user_410,카테고리,홈,122,mobile,2025-08-07
SES-1710,user_850,검색,검색,531,mobile,2025-08-03
SES-1711,user_751,상품상세,완료,171,tablet,2025-08-27
SES-1712,user_206,검색,완료,240,mobile,2025-08-09
SES-1713,user_630,홈,검색,568,mobile,2025-09-01
SES-1714,user_194,검색,장바구니,264,tablet,2025-07-18
SES-1715,user_555,상품상세,홈,173,tablet,2025-08-17
SES-1716,user_486,상품상세,홈,401,tablet,2025-09-16
SES-1717,user_844,홈,결제,191,mobile,2025-08-26
SES-1718,user_894,홈,홈,432,desktop,2025-07-09
SES-1719,user_668,상품상세,홈,485,tablet,2025-08-21
SES-1720,user_643,홈,완료,225,tablet,2025-07-16
SES-1721,user_397,상품상세,홈,271,tablet,2025-08-04
SES-1722,user_277,상품상세,홈,116,tablet,2025-08-25
SES-1723,user_855,홈,검색,165,desktop,2025-08-31
SES-1724,user_785,상품상세,검색,585,tablet,2025-07-16
SES-1725,user_824,상품상세,홈,269,desktop,2025-09-17
SES-1726,user_145,홈,완료,458,mobile,2025-08-17
SES-1727,user_434,홈,완료,23,desktop,2025-07-15
SES-1728,user_222,카테고리,완료,248,tablet,2025-09-13
SES-1729,user_588,홈,완료,345,mobile,2025-08-13
SES-1730,user_528,검색,완료,493,desktop,2025-07-18
SES-1731,user_275,카테고리,홈,188,mobile,2025-08-22
SES-1732,user_342,카테고리,장바구니,172,mobile,2025-07-12
SES-1733,user_563,홈,완료,97,mobile,2025-07-17
SES-1734,user_661,상품상세,완료,155,desktop,2025-07-13
SES-1735,user_191,검색,장바구니,110,tablet,2025-09-19
SES-1736,user_902,카테고리,검색,94,mobile,2025-08-10
SES-1737,user_751,상품상세,홈,424,mobile,2025-09-11
SES-1738,user_445,홈,홈,67,tablet,2025-07-11
SES-1739,user_716,상품상세,홈,93,desktop,2025-08-08
SES-1740,user_745,검색,결제,289,desktop,2025-09-04
SES-1741,user_489,홈,장바구니,231,mobile,2025-07-24
SES-1742,user_767,검색,홈,304,mobile,2025-09-26
SES-1743,user_547,상품상세,검색,267,desktop,2025-07-11
SES-1744,user_213,상품상세,결제,584,desktop,2025-07-07
SES-1745,user_820,홈,검색,529,mobile,2025-07-29
SES-1746,user_431,홈,완료,561,desktop,2025-08-21
SES-1747,user_237,카테고리,홈,528,desktop,2025-07-07
SES-1748,user_152,검색,검색,145,desktop,2025-08-06
SES-1749,user_231,홈,장바구니,319,tablet,2025-08-17
SES-1750,user_314,검색,검색,283,tablet,2025-08-31
SES-1751,user_216,홈,완료,482,desktop,2025-07-28
SES-1752,user_405,검색,홈,462,desktop,2025-08-16
SES-1753,user_473,검색,결제,247,desktop,2025-08-04
SES-1754,user_122,상품상세,장바구니,104,desktop,2025-09-20
SES-1755,user_463,카테고리,검색,388,mobile,2025-08-10
SES-1756,user_536,홈,완료,19,mobile,2025-09-22
SES-1757,user_198,검색,검색,338,tablet,2025-08-30
SES-1758,user_115,상품상세,완료,518,desktop,2025-08-13
SES-1759,user_667,상품상세,홈,407,tablet,2025-08-19
SES-1760,user_318,검색,장바구니,45,tablet,2025-09-17
SES-1761,user_358,카테고리,검색,190,mobile,2025-08-25
SES-1762,user_187,상품상세,홈,316,mobile,2025-08-16
SES-1763,user_532,카테고리,검색,441,tablet,2025-08-04
SES-1764,user_293,카테고리,홈,510,desktop,2025-08-20
SES-1765,user_191,카테고리,장바구니,81,tablet,2025-07-17
SES-1766,user_434,홈,장바구니,498,mobile,2025-07-31
SES-1767,user_749,검색,장바구니,525,tablet,2025-07-01
SES-1768,user_560,홈,홈,515,desktop,2025-09-09
SES-1769,user_207,카테고리,홈,552,tablet,2025-08-27
SES-1770,user_441,검색,검색,529,mobile,2025-07-23
SES-1771,user_362,상품상세,홈,47,mobile,2025-09-30
SES-1772,user_558,상품상세,완료,404,mobile,2025-08-09
SES-1773,user_305,상품상세,장바구니,423,desktop,2025-08-22
SES-1774,user_254,카테고리,완료,202,mobile,2025-07-05
SES-1775,user_328,카테고리,장바구니,23,desktop,2025-08-23
SES-1776,user_981,홈,장바구니,359,mobile,2025-08-02
SES-1777,user_294,검색,장바구니,62,desktop,2025-07-15
SES-1778,user_293,상품상세,검색,386,tablet,2025-07-26
SES-1779,user_782,상품상세,완료,550,desktop,2025-07-25
SES-1780,user_477,카테고리,홈,349,desktop,2025-08-13
SES-1781,user_326,홈,장바구니,381,desktop,2025-08-25
SES-1782,user_711,카테고리,검색,386,mobile,2025-08-06
SES-1783,user_281,검색,결제,253,tablet,2025-07-03
SES-1784,user_443,홈,완료,442,tablet,2025-07-11
SES-1785,user_413,홈,완료,90,mobile,2025-08-02
SES-1786,user_788,홈,장바구니,112,desktop,2025-08-09
SES-1787,user_158,검색,결제,97,mobile,2025-07-10
SES-1788,user_357,검색,완료,408,desktop,2025-08-21
SES-1789,user_291,홈,장바구니,456,mobile,2025-08-04
SES-1790,user_768,검색,장바구니,54,mobile,2025-08-30
SES-1791,user_618,카테고리,완료,208,mobile,2025-09-11
SES-1792,user_396,홈,장바구니,208,mobile,2025-08-02
SES-1793,user_397,홈,홈,221,tablet,2025-07-03
SES-1794,user_825,홈,결제,468,tablet,2025-08-15
SES-1795,user_216,홈,홈,326,tablet,2025-08-08
SES-1796,user_563,홈,결제,177,desktop,2025-07-13
SES-1797,user_777,카테고리,홈,264,desktop,2025-07-15
SES-1798,user_580,상품상세,결제,147,mobile,2025-08-28
SES-1799,user_355,카테고리,완료,243,desktop,2025-09-25
SES-1800,user_442,홈,완료,261,tablet,2025-07-31
SES-1801,user_595,상품상세,검색,40,tablet,2025-08-10
SES-1802,user_702,홈,결제,362,mobile,2025-09-26
SES-1803,user_893,검색,검색,248,mobile,2025-09-22
SES-1804,user_739,검색,장바구니,292,mobile,2025-08-03
SES-1805,user_631,홈,홈,495,mobile,2025-08-08
SES-1806,user_531,상품상세,검색,180,desktop,2025-07-27
SES-1807,user_916,카테고리,장바구니,45,desktop,2025-09-15
SES-1808,user_160,검색,완료,239,mobile,2025-08-20
SES-1809,user_333,상품상세,완료,350,desktop,2025-09-19
SES-1810,user_300,홈,완료,374,desktop,2025-07-31
SES-1811,user_130,상품상세,장바구니,85,tablet,2025-09-07
SES-1812,user_780,카테고리,홈,599,mobile,2025-08-02
SES-1813,user_738,카테고리,검색,185,desktop,2025-08-08
SES-1814,user_396,검색,홈,476,mobile,2025-07-26
SES-1815,user_922,상품상세,완료,405,desktop,2025-09-11
SES-1816,user_250,카테고리,완료,252,mobile,2025-09-05
SES-1817,user_430,카테고리,완료,124,desktop,2025-09-16
SES-1818,user_182,카테고리,검색,68,tablet,2025-08-20
SES-1819,user_851,홈,결제,177,tablet,2025-07-26
SES-1820,user_812,검색,검색,356,mobile,2025-09-03
SES-1821,user_578,홈,완료,386,desktop,2025-08-21
SES-1822,user_581,검색,완료,246,tablet,2025-09-29
SES-1823,user_814,검색,결제,560,mobile,2025-09-04
SES-1824,user_758,홈,완료,293,tablet,2025-09-08
SES-1825,user_438,카테고리,홈,551,desktop,2025-07-21
SES-1826,user_486,카테고리,검색,445,mobile,2025-07-19
SES-1827,user_797,카테고리,홈,236,mobile,2025-09-09
SES-1828,user_784,카테고리,완료,366,tablet,2025-08-03
SES-1829,user_688,검색,장바구니,372,desktop,2025-08-03
SES-1830,user_740,카테고리,완료,329,tablet,2025-08-26
SES-1831,user_978,카테고리,장바구니,422,tablet,2025-07-10
SES-1832,user_218,검색,홈,435,mobile,2025-09-22
SES-1833,user_489,카테고리,완료,122,mobile,2025-09-21
SES-1834,user_707,홈,홈,381,mobile,2025-08-24
SES-1835,user_962,카테고리,홈,533,tablet,2025-09-02
SES-1836,user_536,카테고리,검색,335,desktop,2025-08-21
SES-1837,user_933,홈,검색,497,tablet,2025-07-31
SES-1838,user_838,검색,검색,281,mobile,2025-08-10
SES-1839,user_805,홈,장바구니,216,tablet,2025-08-14
SES-1840,user_393,카테고리,홈,485,mobile,2025-09-20
SES-1841,user_714,카테고리,장바구니,36,desktop,2025-07-06
SES-1842,user_945,홈,검색,415,desktop,2025-08-13
SES-1843,user_634,검색,완료,593,tablet,2025-07-16
SES-1844,user_634,상품상세,홈,397,mobile,2025-09-18
SES-1845,user_890,검색,완료,236,tablet,2025-07-21
SES-1846,user_548,검색,검색,73,desktop,2025-08-16
SES-1847,user_680,홈,완료,306,desktop,2025-08-28
SES-1848,user_844,검색,장바구니,187,mobile,2025-09-12
SES-1849,user_429,상품상세,장바구니,161,desktop,2025-08-02
SES-1850,user_411,상품상세,완료,457,desktop,2025-07-07
SES-1851,user_323,카테고리,완료,173,desktop,2025-07-26
SES-1852,user_919,홈,장바구니,174,tablet,2025-07-30
SES-1853,user_190,검색,장바구니,184,tablet,2025-07-22
SES-1854,user_862,상품상세,장바구니,426,mobile,2025-08-06
SES-1855,user_344,검색,장바구니,185,tablet,2025-08-19
SES-1856,user_918,상품상세,홈,239,tablet,2025-08-02
SES-1857,user_256,상품상세,장바구니,464,tablet,2025-07-16
SES-1858,user_290,홈,검색,206,mobile,2025-08-27
SES-1859,user_964,홈,완료,521,mobile,2025-08-18
SES-1860,user_709,상품상세,장바구니,477,desktop,2025-08-11
SES-1861,user_608,홈,결제,146,mobile,2025-08-20
SES-1862,user_417,홈,장바구니,134,desktop,2025-09-02
SES-1863,user_540,카테고리,장바구니,89,tablet,2025-08-16
SES-1864,user_528,검색,홈,145,desktop,2025-08-12
SES-1865,user_963,카테고리,결제,424,tablet,2025-07-25
SES-1866,user_303,홈,결제,138,desktop,2025-09-18
SES-1867,user_961,카테고리,장바구니,214,tablet,2025-09-22
SES-1868,user_507,검색,장바구니,19,tablet,2025-08-30
SES-1869,user_895,검색,결제,342,tablet,2025-08-20
SES-1870,user_108,홈,홈,203,mobile,2025-07-06
SES-1871,user_267,카테고리,장바구니,139,tablet,2025-07-13
SES-1872,user_837,상품상세,결제,10,tablet,2025-07-04
SES-1873,user_488,홈,장바구니,383,mobile,2025-08-13
SES-1874,user_565,카테고리,완료,221,mobile,2025-08-05
SES-1875,user_716,카테고리,검색,81,tablet,2025-07-10
SES-1876,user_386,홈,홈,254,desktop,2025-08-21
SES-1877,user_231,검색,완료,20,mobile,2025-07-14
SES-1878,user_885,홈,완료,101,tablet,2025-07-24
SES-1879,user_140,검색,완료,384,mobile,2025-09-03
SES-1880,user_520,검색,결제,184,mobile,2025-09-20
SES-1881,user_481,상품상세,홈,407,mobile,2025-07-12
SES-1882,user_535,상품상세,홈,118,mobile,2025-07-06
SES-1883,user_120,상품상세,결제,395,tablet,2025-08-27
SES-1884,user_823,검색,완료,78,desktop,2025-07-04
SES-1885,user_113,홈,홈,483,mobile,2025-09-17
SES-1886,user_476,검색,장바구니,440,tablet,2025-07-29
SES-1887,user_531,검색,검색,589,desktop,2025-08-01
SES-1888,user_372,상품상세,홈,261,mobile,2025-07-09
SES-1889,user_790,카테고리,홈,383,desktop,2025-08-28
SES-1890,user_701,검색,홈,296,desktop,2025-08-22
SES-1891,user_233,검색,홈,520,mobile,2025-09-15
SES-1892,user_349,홈,장바구니,348,desktop,2025-07-08
SES-1893,user_920,홈,홈,501,mobile,2025-09-27
SES-1894,user_644,홈,완료,23,mobile,2025-09-06
SES-1895,user_315,검색,장바구니,137,tablet,2025-08-06
SES-1896,user_141,상품상세,검색,509,tablet,2025-07-19
SES-1897,user_237,홈,결제,415,tablet,2025-08-20
SES-1898,user_706,상품상세,결제,464,desktop,2025-09-13
SES-1899,user_630,상품상세,장바구니,593,mobile,2025-09-18
SES-1900,user_281,검색,장바구니,555,mobile,2025-07-31
SES-1901,user_909,상품상세,결제,313,tablet,2025-07-19
SES-1902,user_747,검색,홈,399,mobile,2025-08-17
SES-1903,user_828,검색,검색,335,mobile,2025-09-19
SES-1904,user_502,카테고리,결제,396,mobile,2025-09-28
SES-1905,user_359,홈,결제,567,desktop,2025-09-25
SES-1906,user_722,홈,완료,312,tablet,2025-09-21
SES-1907,user_258,상품상세,결제,498,mobile,2025-08-24
SES-1908,user_909,카테고리,결제,572,tablet,2025-07-25
SES-1909,user_864,카테고리,검색,47,desktop,2025-09-02
SES-1910,user_785,카테고리,검색,88,tablet,2025-09-29
SES-1911,user_745,카테고리,결제,80,tablet,2025-09-05
SES-1912,user_242,검색,검색,381,tablet,2025-08-31
SES-1913,user_763,검색,홈,374,desktop,2025-07-05
SES-1914,user_298,검색,결제,483,mobile,2025-08-29
SES-1915,user_426,카테고리,완료,544,desktop,2025-07-02
SES-1916,user_390,검색,장바구니,558,desktop,2025-08-20
SES-1917,user_401,검색,결제,338,mobile,2025-09-02
SES-1918,user_897,홈,검색,469,mobile,2025-08-07
SES-1919,user_711,상품상세,완료,554,desktop,2025-07-27
SES-1920,user_911,카테고리,검색,281,tablet,2025-07-02
SES-1921,user_642,상품상세,검색,512,tablet,2025-08-13
SES-1922,user_367,카테고리,장바구니,474,mobile,2025-09-09
SES-1923,user_857,상품상세,결제,166,tablet,2025-08-30
SES-1924,user_321,검색,홈,367,mobile,2025-09-19
SES-1925,user_751,검색,검색,301,mobile,2025-07-29
SES-1926,user_315,카테고리,장바구니,383,tablet,2025-07-05
SES-1927,user_722,홈,검색,249,tablet,2025-07-27
SES-1928,user_436,카테고리,장바구니,36,mobile,2025-08-23
SES-1929,user_618,홈,완료,463,mobile,2025-08-09
SES-1930,user_827,카테고리,검색,481,desktop,2025-09-28
SES-1931,user_600,검색,장바구니,421,tablet,2025-07-07
SES-1932,user_675,상품상세,검색,272,tablet,2025-09-11
SES-1933,user_484,카테고리,장바구니,109,tablet,2025-07-05
SES-1934,user_377,상품상세,완료,86,desktop,2025-08-02
SES-1935,user_161,카테고리,완료,580,mobile,2025-08-24
SES-1936,user_867,상품상세,완료,378,tablet,2025-09-30
SES-1937,user_552,홈,홈,10,desktop,2025-09-29
SES-1938,user_995,검색,완료,468,tablet,2025-08-24
SES-1939,user_785,검색,검색,381,mobile,2025-08-16
SES-1940,user_755,카테고리,장바구니,452,desktop,2025-08-11
SES-1941,user_409,검색,검색,337,tablet,2025-07-22
SES-1942,user_291,홈,장바구니,62,desktop,2025-08-18
SES-1943,user_375,카테고리,홈,562,tablet,2025-08-30
SES-1944,user_295,카테고리,완료,26,desktop,2025-09-29
SES-1945,user_364,카테고리,완료,174,desktop,2025-09-03
SES-1946,user_231,상품상세,검색,436,tablet,2025-08-16
SES-1947,user_346,상품상세,장바구니,322,tablet,2025-07-08
SES-1948,user_357,홈,홈,253,mobile,2025-07-07
SES-1949,user_686,검색,결제,214,desktop,2025-07-28
SES-1950,user_150,검색,홈,448,desktop,2025-09-13
SES-1951,user_872,상품상세,장바구니,430,mobile,2025-08-09
SES-1952,user_403,카테고리,결제,133,tablet,2025-07-11
SES-1953,user_341,검색,완료,230,desktop,2025-08-13
SES-1954,user_861,카테고리,홈,129,mobile,2025-09-11
SES-1955,user_649,상품상세,완료,45,mobile,2025-08-08
SES-1956,user_793,검색,홈,194,mobile,2025-07-14
SES-1957,user_608,카테고리,홈,487,desktop,2025-09-29
SES-1958,user_573,카테고리,홈,592,mobile,2025-07-06
SES-1959,user_731,상품상세,홈,404,desktop,2025-09-28
SES-1960,user_308,검색,결제,360,desktop,2025-08-20
SES-1961,user_424,카테고리,장바구니,406,mobile,2025-09-11
SES-1962,user_653,상품상세,검색,563,mobile,2025-08-23
SES-1963,user_277,홈,결제,331,desktop,2025-07-19
SES-1964,user_603,검색,홈,518,tablet,2025-09-26
SES-1965,user_560,카테고리,완료,191,mobile,2025-07-16
SES-1966,user_565,검색,완료,309,desktop,2025-09-01
SES-1967,user_506,상품상세,검색,225,desktop,2025-09-16
SES-1968,user_801,홈,홈,449,tablet,2025-07-06
SES-1969,user_505,카테고리,결제,512,tablet,2025-08-05
SES-1970,user_592,카테고리,완료,11,desktop,2025-07-17
SES-1971,user_679,카테고리,검색,40,tablet,2025-09-30
SES-1972,user_827,홈,장바구니,278,tablet,2025-07-19
SES-1973,user_961,카테고리,장바구니,116,mobile,2025-08-20
SES-1974,user_914,카테고리,장바구니,238,mobile,2025-08-29
SES-1975,user_298,상품상세,홈,573,desktop,2025-09-01
SES-1976,user_661,카테고리,검색,54,desktop,2025-07-31
SES-1977,user_803,홈,홈,107,tablet,2025-07-04
SES-1978,user_866,상품상세,결제,225,desktop,2025-08-28
SES-1979,user_301,검색,장바구니,535,desktop,2025-08-07
SES-1980,user_844,카테고리,홈,50,desktop,2025-09-22
SES-1981,user_629,카테고리,완료,461,tablet,2025-08-01
SES-1982,user_967,카테고리,완료,497,desktop,2025-09-03
SES-1983,user_683,홈,장바구니,334,mobile,2025-09-21
SES-1984,user_919,카테고리,홈,92,tablet,2025-08-31
SES-1985,user_742,상품상세,완료,221,tablet,2025-08-28
SES-1986,user_386,상품상세,완료,191,mobile,2025-08-28
SES-1987,user_739,홈,결제,565,desktop,2025-08-28
SES-1988,user_678,상품상세,홈,20,desktop,2025-07-26
SES-1989,user_463,검색,장바구니,348,tablet,2025-09-21
SES-1990,user_659,상품상세,완료,596,desktop,2025-09-03
SES-1991,user_670,검색,완료,469,desktop,2025-08-21
SES-1992,user_697,홈,검색,332,desktop,2025-08-13
SES-1993,user_212,카테고리,완료,209,mobile,2025-07-20
SES-1994,user_887,홈,장바구니,552,desktop,2025-07-07
SES-1995,user_279,상품상세,검색,458,mobile,2025-07-28
SES-1996,user_411,검색,장바구니,321,tablet,2025-08-09
SES-1997,user_834,카테고리,결제,570,desktop,2025-09-15
SES-1998,user_197,카테고리,홈,487,tablet,2025-09-10
SES-1999,user_732,상품상세,결제,119,desktop,2025-09-27
SES-2000,user_734,상품상세,완료,361,desktop,2025-08-03